SL.,Facility Level,Facility Code,Facility Name,Facility Type,Division Name,District Name,Facility_short_name
1330,UHC,10000162,Gopinathpur 10 bed Hospital (RHC),10-bed Hospital,Dhaka,Gopalganj,RHC
1449,UHC,10000690,Guinak 10 bed Hospital (RHC),10-bed Hospital,Chattogram,Brahmanbaria,RHC
1479,UHC,10000828,Sandwip 10 bed Hospital (RHC),10-bed Hospital,Chattogram,Chattogram,RHC
1488,UHC,10000853,Kalikapur 10 bed Hospital (RHC),10-bed Hospital,Chattogram,Cumilla,RHC
1529,UHC,10000984,Talbalchhari 10 bed Hospital (RHC),10-bed Hospital,Chattogram,Khagrachhari,RHC
1538,UHC,10001027,"Begumganj 10 Beded Hospital, Noakhali",10-bed Hospital,Chattogram,Noakhali,
1554,UHC,10001075,Kaptai 10 bed Hospital,10-bed Hospital,Chattogram,Rangamati,
1596,UHC,10001256,Ramchandrapur 10 bed Hospital (RHC),10-bed Hospital,Rangpur,Gaibandha,RHC
1610,UHC,10001323,Raiganj 10 bed Hospital (RHC),10-bed Hospital,Rangpur,Kurigram,RHC
1687,UHC,10001646,Khokshabari 10 bed Hospital (RHC),10-bed Hospital,Rajshahi,Sirajganj,RHC
1737,UHC,10001823,"Kapilmuni Vorotchandra Hospital, Paikgacha, Khulna.",10-bed Hospital,Khulna,Khulna,
1763,UHC,10001934,Kukua 10 bed Hospital,10-bed Hospital,Barishal,Barguna,
1773,UHC,10001967,Chhakhar 10 bed Hospital,10-bed Hospital,Barishal,Barishal,
1793,UHC,10002019,Kirtipasha 10 bed Hospital (RHC),10-bed Hospital,Barishal,Jhalokati,RHC
1886,UHC,10013110,"Rowanchari 10 Beded Hospital, Bandarban",10-bed Hospital,Chattogram,Bandarban,
1887,UHC,10013111,"Shyampur 10 Beded Hospital, Dhaka",10-bed Hospital,Dhaka,Dhaka,
1890,UHC,10013114,"Kaitak 10 Beded Hospital, Sunamganj",10-bed Hospital,Sylhet,Sunamganj,
1309,UHC,10000073,Jinjira 20 bed Hospital,20-bed Hospital,Dhaka,Dhaka,
1381,UHC,10000394,"Paranganj 20 Beded Hospital, Mymensingh",20-bed Hospital,Mymensingh,Mymensingh,
1387,UHC,10000416,Monohargram 20 bed Hospital,20-bed Hospital,Dhaka,Narayanganj,
1389,UHC,10000421,Fatullah 20 bed Hospital,20-bed Hospital,Dhaka,Narayanganj,
1390,UHC,10000423,Siddirganj 20 bed Hospital,20-bed Hospital,Dhaka,Narayanganj,
1416,UHC,10000547,Kodalpur 20 bed Hospital,20-bed Hospital,Dhaka,Shariatpur,
1471,UHC,10000780,Bibirhat 20 bed Hospital,20-bed Hospital,Chattogram,Chattogram,
1484,UHC,10000843,Sonaimuri 20 bed Hospital,20-bed Hospital,Chattogram,Cumilla,
1490,UHC,10000858,Mohichail 20 bed Hospital,20-bed Hospital,Chattogram,Cumilla,
1497,UHC,10000877,"Donarchar(New Created) 20 Beded Hospital, Cumilla",20-bed Hospital,Chattogram,Cumilla,
1500,UHC,10000891,Bagmara 20 bed Hospital,20-bed Hospital,Chattogram,Cumilla,
1505,UHC,10000909,Jodda 20 bed Hospital,20-bed Hospital,Chattogram,Cumilla,
1511,UHC,10000927,"Pakua 20 Beded Hospital, Coxs Bazar",20-bed Hospital,Chattogram,Coxs Bazar,
1514,UHC,10000933,St. Martin 20 bed Hospital,20-bed Hospital,Chattogram,Coxs Bazar,
1536,UHC,10001018,Char Alexander 20 bed Hospital,20-bed Hospital,Chattogram,Lakshmipur,
1544,UHC,10001045,Char Algi 20 bed Hospital,20-bed Hospital,Chattogram,Noakhali,
1562,UHC,10001096,Santahar 20 bed Hospital,20-bed Hospital,Rajshahi,Bogura,
1570,UHC,10001134,Nandigram 20 bed Hospital,20-bed Hospital,Rajshahi,Bogura,
1575,UHC,10001155,"Aliahat 20 Bed Hospital, Bogura",20-bed Hospital,Rajshahi,Bogura,
1617,UHC,10001351,Dahagram 20 bed Hospital,20-bed Hospital,Rangpur,Lalmonirhat,
1747,UHC,10001873,Birolpolita 20 bed Hospital,20-bed Hospital,Khulna,Magura,
1749,UHC,10001881,Binadpur 20 bed Hospital,20-bed Hospital,Khulna,Magura,
1764,UHC,10001935,Taltali 20 bed Hospital,20-bed Hospital,Barishal,Barguna,
1770,UHC,10001956,Walankathi 20 bed Hospital,20-bed Hospital,Barishal,Barishal,
1787,UHC,10002007,South Char Aicha 20 bed Hospital,20-bed Hospital,Barishal,Bhola,
1802,UHC,10002043,Kuakata 20 bed Hospital,20-bed Hospital,Barishal,Patuakhali,
1803,UHC,10002047,Kathaltoli 20 bed Hospital,20-bed Hospital,Barishal,Patuakhali,
1830,UHC,10002131,Kaitak 20 bed Hospital,20-bed Hospital,Sylhet,Sunamganj,
1834,UHC,10002139,Maddyanagar 20 bed Hospital,20-bed Hospital,Sylhet,Sunamganj,
1881,UHC,10013097,Charanchal 20 bed Hospital,20-bed Hospital,Mymensingh,Mymensingh,
1888,UHC,10013112,Hajratpur 20 bed Hospital,20-bed Hospital,Dhaka,Dhaka,
1889,UHC,10013113,Kunda 20 bed Hospital,20-bed Hospital,Dhaka,Dhaka,
1893,UHC,10017198,Haramia 20 bed Hospital,20-bed Hospital,Chattogram,Chattogram,
1894,UHC,10017199,Kreshnanagar 20 bed Hospital,20-bed Hospital,Dhaka,Dhaka,
1895,UHC,10017200,Aminbazar 20 bed Hospital,20-bed Hospital,Dhaka,Dhaka,
1907,UHC,10023003,Donarchar 20 bed Hospital,20-bed Hospital,Chattogram,Cumilla,
1916,UHC,10024550,Kabirajpur 20 bed Hospital,20-bed Hospital,Dhaka,Madaripur,
1917,UHC,10024551,Tarabunia 20 bed Hospital,20-bed Hospital,Dhaka,Shariatpur,
1930,UHC,10025248,Baspur 20 bed Hospital,20-bed Hospital,Dhaka,Gopalganj,
1992,UHC,BGD25334,"20 Bed Hospital, Mohichail, Chandina, Cumilla",20-bed Hospital,Chattogram,Cumilla,
1903,UHC,10019223,Jhenaidah 25 Bed Shishu Hospital,25-bed Hospital,Khulna,Jhenaidah,
1391,UHC,10000425,Narayanganj 300 Bed Hospital,300-500 bed Hospital (not district hospital),Dhaka,Narayanganj,
1899,UHC,10017209,Kurmitola 500 Bed General Hospital,300-500 bed Hospital (not district hospital),Dhaka,Dhaka,
1693,UHC,10001666,Ullapara Sadar 30 bed Hospital,30-bed Hospital,Rajshahi,Sirajganj,
1789,UHC,10002009,Khairhat 30 bed Hospital,30-bed Hospital,Barishal,Bhola,
1876,UHC,10002298,Bangladesh Korea Moitree Hospital,30-bed Hospital,Dhaka,Dhaka,
1304,UHC,10000057,"Tejgaon Health Complex, Dhaka",31-bed Hospital,Dhaka,Dhaka,
1464,UHC,10000749,"Dohazari 31 Bed Hospital, Chandanaish, Chattogram",31-bed Hospital,Chattogram,Chattogram,
1660,UHC,10001538,Godagari 31 Bed Hospital,31-bed Hospital,Rajshahi,Rajshahi,
1677,UHC,10001615,"Haragacha 31 Bed Hospital, Kaunia, Rangpur",31-bed Hospital,Rangpur,Rangpur,
1896,UHC,10017201,"Sultanpur 31 Bed Hospital, Raozan",31-bed Hospital,Chattogram,Chattogram,
1915,UHC,10024298,"Kamrangirchar 31 Bed Hospital, Dhaka",31-bed Hospital,Dhaka,Dhaka,
1920,UHC,10024627,"Bagbati 31 bed Hospital, Sirajganj",31-bed Hospital,Rajshahi,Sirajganj,
1924,UHC,10025015,"Khadimpara 31 bed Hospital, Sylhet",31-bed Hospital,Sylhet,Sylhet,
1826,UHC,10002124,Sreemangal 50 Bed Hospital Building Was Handed Over To Ministry Of Education And A Resd. Gov. School,50-bed Hospital,Sylhet,Maulvibazar,
1902,UHC,10019216,Shyampur 50 Bed Hospital,50-bed Hospital,Dhaka,Dhaka,
1906,UHC,10021553,"Maligaon 50 bed Hospital,Daudkandi, Cumilla",50-bed Hospital,Chattogram,Cumilla,
1195,DGHS Sub-depot,DGHSCC001,"DGHS Integrated Control Room, Dhaka",Central Facility,Dhaka,Dhaka,
1319,UHC,10000110,Faridpur Chest Disease Clinic,Chest Disease Clinic,Dhaka,Faridpur,
1329,UHC,10000161,Gopalganj Chest Disease Clinic,Chest Disease Clinic,Dhaka,Gopalganj,
1338,UHC,10000210,Jamalpur Chest Disease Clinic,Chest Disease Clinic,Mymensingh,Jamalpur,
1349,UHC,10000245,Kishoreganj Chest Disease Clinic,Chest Disease Clinic,Dhaka,Kishoreganj,
1356,UHC,10000264,Madaripur Chest Disease Clinic,Chest Disease Clinic,Dhaka,Madaripur,
1367,UHC,10000329,Munshiganj Chest Disease Clinic,Chest Disease Clinic,Dhaka,Munshiganj,
1383,UHC,10000399,Mymensingh Chest Disease Clinic,Chest Disease Clinic,Mymensingh,Mymensingh,
1435,UHC,10000651,Tangail Chest Disease Clinic,Chest Disease Clinic,Dhaka,Tangail,
1445,UHC,10000674,Brahmanbaria Chest Disease Clinic,Chest Disease Clinic,Chattogram,Brahmanbaria,
1452,UHC,10000702,Chandpur Chest Disease Clinic,Chest Disease Clinic,Chattogram,Chandpur,
1468,UHC,10000760,Chattogram Chest Disease Clinic,Chest Disease Clinic,Chattogram,Chattogram,
1494,UHC,10000869,Cumilla Chest Disease Clinic,Chest Disease Clinic,Chattogram,Cumilla,
1508,UHC,10000923,Cox's Bazar Chest Disease Clinic,Chest Disease Clinic,Chattogram,Coxs Bazar,
1519,UHC,10000955,Feni Chest Disease Clinic,Chest Disease Clinic,Chattogram,Feni,
1546,UHC,10001053,Noakhali Chest Disease Clinic,Chest Disease Clinic,Chattogram,Noakhali,
1560,UHC,10001090,Rangamati Chest Disease Clinic,Chest Disease Clinic,Chattogram,Rangamati,
1563,UHC,10001107,Bogura Chest Disease Clinic,Chest Disease Clinic,Rajshahi,Bogura,
1581,UHC,10001187,Chapai Nawabganj Chest Disease Clinic,Chest Disease Clinic,Rajshahi,Chapai Nawabganj,
1587,UHC,10001217,Dinajpur Chest Disease Clinic,Chest Disease Clinic,Rangpur,Dinajpur,
1595,UHC,10001255,Gaibandha Chest Disease Clinic,Chest Disease Clinic,Rangpur,Gaibandha,
1608,UHC,10001318,Kurigram Chest Disease Clinic,Chest Disease Clinic,Rangpur,Kurigram,
1633,UHC,10001434,Natore Chest Disease Clinic,Chest Disease Clinic,Rajshahi,Natore,
1649,UHC,10001488,Pabna Chest Disease Clinic,Chest Disease Clinic,Rajshahi,Pabna,
1668,UHC,10001563,Rajshahi Chest Disease Clinic,Chest Disease Clinic,Rajshahi,Rajshahi,
1679,UHC,10001620,Rangpur Chest Disease Clinic,Chest Disease Clinic,Rangpur,Rangpur,
1689,UHC,10001650,Sirajganj Chest Disease Clinic,Chest Disease Clinic,Rajshahi,Sirajganj,
1698,UHC,10001688,Thakurgaon Chest Disease Clinic,Chest Disease Clinic,Rangpur,Thakurgaon,
1700,UHC,10001695,Bagerhat Chest Disease Clinic,Chest Disease Clinic,Khulna,Bagerhat,
1709,UHC,10001724,Chuadanga Chest Disease Clinic,Chest Disease Clinic,Khulna,Chuadanga,
1715,UHC,10001754,Jashore Chest Disease Clinic,Chest Disease Clinic,Khulna,Jashore,
1734,UHC,10001812,Khulna Chest Disease Clinic,Chest Disease Clinic,Khulna,Khulna,
1745,UHC,10001867,Kushtia Chest Disease Clinic,Chest Disease Clinic,Khulna,Kushtia,
1748,UHC,10001877,Magura Chest Disease Clinic,Chest Disease Clinic,Khulna,Magura,
1753,UHC,10001899,Meherpur Chest Disease Clinic,Chest Disease Clinic,Khulna,Meherpur,
1759,UHC,10001927,Satkhira Chest Disease Clinic,Chest Disease Clinic,Khulna,Satkhira,
1776,UHC,10001975,Barishal Chest Disease Clinic,Chest Disease Clinic,Barishal,Barishal,
1784,UHC,10002003,Bhola Chest Disease Clinic,Chest Disease Clinic,Barishal,Bhola,
1805,UHC,10002053,Patuakhali Chest Disease Clinic,Chest Disease Clinic,Barishal,Patuakhali,
1811,UHC,10002068,Pirojpur Chest Disease Clinic,Chest Disease Clinic,Barishal,Pirojpur,
1824,UHC,10002117,Moulvibazar Chest Disease Clinic,Chest Disease Clinic,Sylhet,Maulvibazar,
1839,UHC,10002159,Sunamganj Chest Disease Clinic,Chest Disease Clinic,Sylhet,Sunamganj,
1854,UHC,10002201,Sylhet Chest Disease Clinic,Chest Disease Clinic,Sylhet,Sylhet,
1301,UHC,10000054,Shyamoli 250 bed TB Hospital (National TB Control Project),Chest Disease Hospital,Dhaka,Dhaka,
1305,UHC,10000058,Tb Control And Training Institute,Chest Disease Hospital,Dhaka,Dhaka,
1320,UHC,10000111,Faridpur Tb Segregation Hospital,Chest Disease Hospital,Dhaka,Faridpur,
1446,UHC,10000675,Brahmanbaria Chest Disease Hospital,Chest Disease Hospital,Chattogram,Brahmanbaria,
1469,UHC,10000762,"Faujderhat Chest Disease Hospital, Chattogram",Chest Disease Hospital,Chattogram,Chattogram,
1520,UHC,10000956,Feni Chest Disease Hospital,Chest Disease Hospital,Chattogram,Feni,
1564,UHC,10001108,Bogra Chest Disease Hospital,Chest Disease Hospital,Rajshahi,Bogura,
1650,UHC,10001489,Pabna Chest Disease Hospital,Chest Disease Hospital,Rajshahi,Pabna,
1669,UHC,10001564,Rajshahi Chest Disease Hospital,Chest Disease Hospital,Rajshahi,Rajshahi,
1680,UHC,10001621,Rangpur Chest Disease Hospital,Chest Disease Hospital,Rangpur,Rangpur,
1716,UHC,10001755,Jashore Chest Disease Hospital,Chest Disease Hospital,Khulna,Jashore,
1735,UHC,10001813,Khulna Chest Disease Hospital,Chest Disease Hospital,Khulna,Khulna,
1777,UHC,10001976,Barisal Chest Disease Hospital,Chest Disease Hospital,Barishal,Barishal,
1855,UHC,10002202,Sylhet Chest Disease Hospital,Chest Disease Hospital,Sylhet,Sylhet,
1927,UHC,10025068,Dhaka Mohanagar General Hospital,City Corporation / Municipality Hospital,Dhaka,Dhaka,
1951,UHC,BGD25292,"Dhaka Uttar City Corporation, Dhaka",City Corporation / Municipality Hospital,Dhaka,Dhaka,
1952,UHC,BGD25293,"Dhaka Dakkhin City Corporation, Dhaka",City Corporation / Municipality Hospital,Dhaka,Dhaka,
1953,UHC,BGD25294,"Rajshahi City Corporation, Rajshahi",City Corporation / Municipality Hospital,Rajshahi,Rajshahi,
1954,UHC,BGD25295,"Khulna City Corporation, Khulna",City Corporation / Municipality Hospital,Khulna,Khulna,
1955,UHC,BGD25296,"Chattogram City Corporation, Chattogram",City Corporation / Municipality Hospital,Chattogram,Chattogram,
1956,UHC,BGD25297,"Rangpur City corporation, Rangpur",City Corporation / Municipality Hospital,Rangpur,Rangpur,
1957,UHC,BGD25298,"Cumilla City Corporation, Cumilla",City Corporation / Municipality Hospital,Chattogram,Cumilla,
1958,UHC,BGD25299,"Sylhet City Corporation, Sylhet",City Corporation / Municipality Hospital,Sylhet,Sylhet,
1959,UHC,BGD25300,"Gazipur City Corporation, Gazipur",City Corporation / Municipality Hospital,Dhaka,Gazipur,
1981,UHC,BGD25323,"Mymensingh City Corporation, Mymensingh",City Corporation / Municipality Hospital,Mymensingh,Mymensingh,
1982,UHC,BGD25324,"Barishal City Corporation, Barishal",City Corporation / Municipality Hospital,Barishal,Barishal,
1294,UHC,10000029,Govt. Homeopathic Medical College,College of Alternative Medicine,Dhaka,Dhaka,
1856,UHC,10002203,"Govt. Unani & Ayurvedic Medical College Hospital, Sylhet",College of Alternative Medicine,Sylhet,Sylhet,
1293,UHC,10000028,"Dhaka Dental College Hospital, Dhaka",Dental College Hospital,Dhaka,Dhaka,
1929,UHC,10025187,"Gopalganj Dental College Hospital, Gopalganj",Dental College Hospital,Dhaka,Gopalganj,
1396,UHC,10000453,Narsingdi 100 Bed Zilla Hospital,District Level  Hospital(Not District Hospital),Dhaka,Narsingdi,
1640,UHC,10001469,"Saidpur 100 Bed Hospital, Nilphamari",District Level  Hospital(Not District Hospital),Rangpur,Nilphamari,
1912,UHC,10023662,Kuwait Bangladesh Friendship Govt. Hospital,District Level  Hospital(Not District Hospital),Dhaka,Dhaka,
1196,DH,10000105,"Faridpur General Hospital, Faripur",District/General Hospital,Dhaka,Faridpur,
1197,DH,10000129,"Shaheed Ahsan Ullah Master General Hospital, Tongi, Gazipur",District/General Hospital,Dhaka,Gazipur,
1199,DH,10000208,Jamalpur 250 Beded General Hospital,District/General Hospital,Mymensingh,Jamalpur,
1200,DH,10000243,Kishoreganj 250 Bed District Sadar Hospital,District/General Hospital,Dhaka,Kishoreganj,
1201,DH,10000263,Madaripur District Hospital,District/General Hospital,Dhaka,Madaripur,
1202,DH,10000297,Manikganj 250 Bed District Hospital,District/General Hospital,Dhaka,Manikganj,
1203,DH,10000328,Munshiganj 250 bed District Hospital,District/General Hospital,Dhaka,Munshiganj,
1204,DH,10000427,Narayanganj General (Victoria) Hospital,District/General Hospital,Dhaka,Narayanganj,
1205,DH,10000452,Narsingdi District Hospital,District/General Hospital,Dhaka,Narsingdi,
1206,DH,10000496,Netrokona District Hospital,District/General Hospital,Mymensingh,Netrakona,
1207,DH,10000536,Rajbari District Hospital,District/General Hospital,Dhaka,Rajbari,
1208,DH,10000559,Shariatpur District Hospital,District/General Hospital,Dhaka,Shariatpur,
1209,DH,10000576,Sherpur 250 bed District Sadar Hospital,District/General Hospital,Mymensingh,Sherpur,
1210,DH,10000647,Tangail 250 Bed District Hospital,District/General Hospital,Dhaka,Tangail,
1211,DH,10000655,Bandarban 250 Bed District Hospital,District/General Hospital,Chattogram,Bandarban,
1212,DH,10000672,Brahmanbaria 250 Bed District Sadar Hospital,District/General Hospital,Chattogram,Brahmanbaria,
1213,DH,10000700,Chandpur 250 Bed General Hospital,District/General Hospital,Chattogram,Chandpur,
1214,DH,10000753,Chittagong 250 Bed General Hospital,District/General Hospital,Chattogram,Chattogram,
1215,DH,10000864,Cumilla General Hospital,District/General Hospital,Chattogram,Cumilla,
1216,DH,10000922,Cox's Bazar 250 Bed District Sadar Hospital,District/General Hospital,Chattogram,Coxs Bazar,
1217,DH,10000954,Feni 250 Bed District Sadar Hospital,District/General Hospital,Chattogram,Feni,
1218,DH,10000976,Khagrachari District Hospital,District/General Hospital,Chattogram,Khagrachhari,
1219,DH,10001001,Lakshmipur District Hospital,District/General Hospital,Chattogram,Lakshmipur,
1220,DH,10001049,Noakhali 250 Bed General Hospital,District/General Hospital,Chattogram,Noakhali,
1221,DH,10001088,Rangamati General Hospital,District/General Hospital,Chattogram,Rangamati,
1222,DH,10001109,Bogra 250 bed Mohammad Ali District Hospital,District/General Hospital,Rajshahi,Bogura,
1223,DH,10001186,Chapai Nawabganj 250 bed Adhunik Sadar Hospital,District/General Hospital,Rajshahi,Chapai Nawabganj,
1224,DH,10001214,Dinajpur 250 bed General Hospital,District/General Hospital,Rangpur,Dinajpur,
1225,DH,10001254,Gaibandha 250 bed District Hospital,District/General Hospital,Rangpur,Gaibandha,
1226,DH,10001298,Joypurhat 250 bed District Hospital,District/General Hospital,Rajshahi,Joypurhat,
1227,DH,10001317,Kurigram 250 bed District Hospital,District/General Hospital,Rangpur,Kurigram,
1228,DH,10001353,Lalmonirhat District Hospital,District/General Hospital,Rangpur,Lalmonirhat,
1229,DH,10001394,Naogaon 250 bed District Hospital,District/General Hospital,Rajshahi,Naogaon,
1230,DH,10001433,Natore 250 bed District Hospital,District/General Hospital,Rajshahi,Natore,
1231,DH,10001464,Nilphamari 250 bed District Hospital,District/General Hospital,Rangpur,Nilphamari,
1232,DH,10001484,Pabna 250 bed General Hospital,District/General Hospital,Rajshahi,Pabna,
1233,DH,10001514,Panchagarh District Hospital,District/General Hospital,Rangpur,Panchagarh,
1234,DH,10001648,"Sirajganj 250 Bed General Hospital, Sirajganj",District/General Hospital,Rajshahi,Sirajganj,
1235,DH,10001687,Thakurgaon District Hospital,District/General Hospital,Rangpur,Thakurgaon,
1236,DH,10001693,Bagerhat District Hospital,District/General Hospital,Khulna,Bagerhat,
1237,DH,10001723,Chuadanga District Hospital,District/General Hospital,Khulna,Chuadanga,
1238,DH,10001776,Jhenaidah 250 Bedded General  Hospital,District/General Hospital,Khulna,Jhenaidah,
1239,DH,10001805,Khulna 250 Bed General Hospital,District/General Hospital,Khulna,Khulna,
1240,DH,10001862,Kushtia 250 bed General Hospital,District/General Hospital,Khulna,Kushtia,
1241,DH,10001876,Magura 250 bed District Hospital,District/General Hospital,Khulna,Magura,
1242,DH,10001898,Meherpur 250 bed District Hospital,District/General Hospital,Khulna,Meherpur,
1243,DH,10001913,Narail District Hospital,District/General Hospital,Khulna,Narail,
1244,DH,10001926,Satkhira District Hospital,District/General Hospital,Khulna,Satkhira,
1245,DH,10001943,Barguna 250 bed General Hospital,District/General Hospital,Barishal,Barguna,
1246,DH,10001972,Barisal General Hospital,District/General Hospital,Barishal,Barishal,
1247,DH,10002002,Bhola 250 bed District Sadar Hospital,District/General Hospital,Barishal,Bhola,
1248,DH,10002025,Jhalokathi District Hospital,District/General Hospital,Barishal,Jhalokati,
1249,DH,10002051,Patuakhali 250 bed Sadar Hospital,District/General Hospital,Barishal,Patuakhali,
1250,DH,10002067,Pirojpur District Hospital,District/General Hospital,Barishal,Pirojpur,
1251,DH,10002071,Habiganj 250 bed District Hospital,District/General Hospital,Sylhet,Habiganj,
1252,DH,10002116,Moulvibazar 250 bed District Sadar Hospital,District/General Hospital,Sylhet,Maulvibazar,
1253,DH,10002157,Sunamganj 250 bed District Sadar Hospital,District/General Hospital,Sylhet,Sunamganj,
1254,DH,10002196,Sylhet Shahid Shamsuddin Ahmed District Hospital,District/General Hospital,Sylhet,Sylhet,
1255,DH,10002233,Gopalganj 250 bed General Hospital,District/General Hospital,Dhaka,Gopalganj,
1256,DH,10013096,Jashore 250 bed General Hospital,District/General Hospital,Khulna,Jashore,
1965,UHC,BGD25306,"Principal, Kushtia Medical College, Kushtia",General Hospital (not district hospital),Khulna,Kushtia,
1966,UHC,BGD25307,"Patuakhali Medical College Hospital, Patuakhali",General Hospital (not district hospital),Barishal,Patuakhali,
1985,UHC,BGD25327,"Director, Shaheed M Monsur Ali Medical College Hospital, Sirajganj",General Hospital (not district hospital),Rajshahi,Sirajganj,
1986,UHC,BGD25328,"Principal, Shaheed M Monsur Ali Medical College, Siraganj",General Hospital (not district hospital),Rajshahi,Sirajganj,
1880,UHC,10002305,Govt. Unani & Ayurvedic Medical College Hospital,Hospital of Alternative Medicine,Dhaka,Dhaka,
1901,UHC,10019120,"Govt. Homeopathic Medical College Hospital, Dhaka",Hospital of Alternative Medicine,Dhaka,Dhaka,
2006,UHC,BGD36632,"Director, Mohammadpur Fertility Services & Training Centre, 100 Bedded Mother & Child Health Hospital, Dhaka",Hospital of Alternative Medicine,Dhaka,Dhaka,
1308,UHC,10000070,Dhaka Infectious Disease Hospital,Infectious Disease Hospital,Dhaka,Dhaka,
1466,UHC,10000754,"Bangladesh Institute of Tropical and Infectious Disease Hospital, Chattogram",Infectious Disease Hospital,Chattogram,Chattogram,
1666,UHC,10001557,Rajshahi Infectious Disease Hospital,Infectious Disease Hospital,Rajshahi,Rajshahi,
1852,UHC,10002198,Sylhet Infectious Disease Hospital,Infectious Disease Hospital,Sylhet,Sylhet,
1882,UHC,10013098,Khulna Infectious Diseases Hospital,Infectious Disease Hospital,Khulna,Khulna,
1926,UHC,10025052,Sheikh Hasina Institute of Health Technology,Institute of Health Technology,Mymensingh,Jamalpur,
1978,UHC,BGD25319,"Institute of Child and Mother Health ( ICMH), Matuail, Dhaka",Institute of Health Technology,Dhaka,Dhaka,ICMH
1983,UHC,BGD25325,"Director, Institute of Public Health (IPH), Mohakhali, Dhaka",Institute of Health Technology,Dhaka,Dhaka,IPH
1194,DGHS Sub-depot,BGD36655,"Institute Of Leprosy Control Hospital, Mohakhali, Dhaka",Leprosy Hospital,Dhaka,Dhaka,
1295,UHC,10000031,Dhaka Leprosy Hospital,Leprosy Hospital,Dhaka,Dhaka,
1639,UHC,10001465,Nilphamari Leprosy Hospital,Leprosy Hospital,Rangpur,Nilphamari,
1853,UHC,10002199,Sylhet Leprosy Hospital,Leprosy Hospital,Sylhet,Sylhet,
1296,UHC,10000032,"Principal. Dhaka Medical College, Dhaka",Medical College,Dhaka,Dhaka,
1299,UHC,10000050,"Principal, Shaheed Suhrawardy Medical College, Dhaka",Medical College,Dhaka,Dhaka,
1302,UHC,10000055,"Principal, Sir Salimullah Medical College, Dhaka",Medical College,Dhaka,Dhaka,
1850,UHC,10002194,Sylhet MAG Osmani Medical College,Medical College,Sylhet,Sylhet,
1874,UHC,10002296,"Principal, Shahid Syed Nazrul Islam Medical College , Kishoreganj",Medical College,Dhaka,Kishoreganj,
1875,UHC,10002297,Cox's Bazar Medical College,Medical College,Chattogram,Coxs Bazar,
1940,UHC,BGD25278,"Principal, Mymensingh Medical College, Mymensingh",Medical College,Mymensingh,Mymensingh,
1941,UHC,BGD25279,"Principal, Chattagong Medical College, Chattogram",Medical College,Chattogram,Chattogram,
1942,UHC,BGD25280,"Principal, Cumilla Medical College, Cumilla",Medical College,Chattogram,Cumilla,
1943,UHC,BGD25281,"Principal, Shaheed Ziaur Rahman Medical College, Bogura",Medical College,Rajshahi,Bogura,
1944,UHC,BGD25282,"Principal, Rajshahi Medical College, Rajshahi",Medical College,Rajshahi,Rajshahi,
1945,UHC,BGD25283,"Principal, Rangpur Medical College, Rangpur",Medical College,Rangpur,Rangpur,
1946,UHC,BGD25284,"Principal, Khulna Medical College, Khulna",Medical College,Khulna,Khulna,
1947,UHC,BGD25285,"Principal, Sher-e-bangla Medical College, Barishal",Medical College,Barishal,Barishal,
1967,UHC,BGD25308,"Principal, Pabna Medical  College, Pabna",Medical College,Rajshahi,Pabna,
2003,UHC,BGD25346,"Principal, Satkhira Medical College, Satkhira",Medical College,Khulna,Satkhira,
1297,UHC,10000033,"Dhaka Medical College Hospital, Dhaka",Medical College Hospital,Dhaka,Dhaka,DMC
1297,UHC,10000033,"Dhaka Medical College Hospital, Dhaka",Medical College Hospital,Dhaka,Dhaka,DMCH
1300,UHC,10000051,"Shaheed Suhrawardy Medical College Hospital, Dhaka",Medical College Hospital,Dhaka,Dhaka,
1303,UHC,10000056,"Sir Salimullah Medical College and Mitford Hospital, Dhaka",Medical College Hospital,Dhaka,Dhaka,
1318,UHC,10000108,"Faridpur Medical College Hospital, Faridpur",Medical College Hospital,Dhaka,Faridpur,
1382,UHC,10000397,"Mymensingh Medical College Hospital, Mymensingh",Medical College Hospital,Mymensingh,Mymensingh,
1467,UHC,10000756,"Chittagong Medical College Hospital, Chattogram",Medical College Hospital,Chattogram,Chattogram,
1493,UHC,10000867,"Cumilla Medical College Hospital, Cumilla",Medical College Hospital,Chattogram,Cumilla,
1565,UHC,10001111,"Shaheed Ziaur Rahman Medical College Hospital, Bogra",Medical College Hospital,Rajshahi,Bogura,
1667,UHC,10001560,"Rajshahi Medical College Hospital, Rajshahi",Medical College Hospital,Rajshahi,Rajshahi,
1678,UHC,10001618,"Rangpur Medical College Hospital, Rangpur",Medical College Hospital,Rangpur,Rangpur,
1731,UHC,10001807,"Khulna Medical College Hospital, Khulna",Medical College Hospital,Khulna,Khulna,
1778,UHC,10001978,"Sher-e-bangla Medical College Hospital, Barishal",Medical College Hospital,Barishal,Barishal,
1851,UHC,10002195,"Sylhet MAG Osmani Medical College Hospital, Sylhet",Medical College Hospital,Sylhet,Sylhet,
1873,UHC,10002288,"Dinajpur Medical College Hospital,Dinajpur",Medical College Hospital,Rangpur,Dinajpur,
1892,UHC,10013720,"Mugda Medical College Hospital, Dhaka",Medical College Hospital,Dhaka,Dhaka,
1908,UHC,10023251,"Shaheed Taj Uddin Ahmad Medical College Hospital,Gazipur",Medical College Hospital,Dhaka,Gazipur,
1918,UHC,10024591,"Satkhira Medical College Hospital,Satkhira",Medical College Hospital,Khulna,Satkhira,
1919,UHC,10024593,"Tangail Medical College Hospital, Tangail",Medical College Hospital,Dhaka,Tangail,
1922,UHC,10024987,"Director, Shahid Syed Nazrul Islam Medical College Hospital, Kishoreganj",Medical College Hospital,Dhaka,Kishoreganj,
1931,UHC,10025249,"Monno Medical College & Hospital, Manikganj",Medical College Hospital,Dhaka,Manikganj,
1932,UHC,10025267,"AMZ Hospital Ltd, Dhaka",Medical College Hospital,Dhaka,Dhaka,
1933,UHC,10025360,"Director, Manikganj Medical College Hospital, Manikganj",Medical College Hospital,Dhaka,Manikganj,
1934,UHC,10033332,"Director, Gopalganj Medical College Hospital, Gopalganj",Medical College Hospital,Dhaka,Gopalganj,
1935,UHC,4400001234,"Director, Combined Military Hospital ( CMH ), Dhaka",Medical College Hospital,Dhaka,Dhaka,CMH
1891,UHC,10013148,Bangabandhu Sheikh Mujib Medical University (BSMMU),Medical University,Dhaka,Dhaka,BSMMU
1961,UHC,BGD25302,"Director, Hospital, BSMMU, Dhaka",Medical University,Dhaka,Dhaka,
1987,UHC,BGD25329,"Chairman, Transfusion Medicine Department, BSMMU, Dhala",Medical University,Dhaka,Dhaka,
1905,UHC,10020622,"Chairman, Transfusion Medicine Department, BSMMU, Dhala",NGO Hospital/Clinic,Dhaka,Dhaka,
1963,UHC,BGD25304,"Manager, Salvation Logistics Ltd. Mohammadpur, Dhaka-1207",NGO Hospital/Clinic,Dhaka,Dhaka,
1964,UHC,BGD25305,"Project Director, EPCBCSP, BSMMU, Dhaka",NGO Hospital/Clinic,Dhaka,Dhaka,
1968,UHC,BGD25309,"Director, icddr,b , Mohakhali, Dhaka",NGO Hospital/Clinic,Dhaka,Dhaka,
2008,UHC,BGD36634,"Red Crescent Blood Center, Mohammadpur, Dhaka",NGO Hospital/Clinic,Dhaka,Dhaka,
1193,DGHS Sub-depot,BGD36654,"Institute of Public Health Nutrition, Mohakhali, Dhaka",Other,Dhaka,Dhaka,
1198,DH,10000137,Gazipur District Hospital,Other,Dhaka,Gazipur,
1775,UHC,10001973,Barisal Ors Program,Other,Barishal,Barishal,
1884,UHC,10013107,Rangabali Upazila Health Complex,Other,Barishal,Patuakhali,
1921,UHC,10024657,National Institute of Laboratory Medicine and Referral Center,Other,Dhaka,Dhaka,
2011,UHC,BGD36642,"Director, Hospital and Clenics,DGHS, Mohakhali, Dhaka",Other,Dhaka,Dhaka,
2014,UHC,BGD36651,"Department of Livestock Services, Krishi Khamar Sarak, Dhaka, Bangladesh",Other,Dhaka,Dhaka,
2015,UHC,BGD36652,"Livestock Research Institute, Mohakhali, Dhaka, Bangladesh",Other,Dhaka,Dhaka,
2016,UHC,BGD36653,"Dhaka Central Jail, Keraniganj, Dhaka",Other,Dhaka,Dhaka,
1910,UHC,10023645,"Railway General Hospital. Komlapur, Dhaka",Other Hospital,Dhaka,Dhaka,
1914,UHC,10023689,"Central Police Hospital, Dhaka",Other Hospital,Dhaka,Dhaka,
1948,UHC,BGD25289,"Executive Director, Child Health Research Foundation(CHRF),Mohammadpur, Dhaka",Other Hospital,Dhaka,Dhaka,CHRF
1950,UHC,BGD25291,"National Institute of Preventive and Social Medicine (NIPSOM),Dhaka",Other Hospital,Dhaka,Dhaka,NIPSOM
1960,UHC,BGD25301,"Narayanganj City Corporation, Narayanganj",Other Hospital,Dhaka,Narayanganj,
1969,UHC,BGD25310,"Medical Officer, President's Office, Personal Division, Bangabhaban, Dhaka",Other Hospital,Dhaka,Dhaka,
1970,UHC,BGD25311,"Director, Planning and Research, DGHS, Mohakhali, Dhaka.",Other Hospital,Dhaka,Dhaka,
1971,UHC,BGD25312,"Director, Medical Center, National Parliamentary House of Bnngladesh",Other Hospital,Dhaka,Dhaka,
1973,UHC,BGD25314,"Director, DNCC Dedicated COVID-19 Hospital, Mohakhali, Dhaka",Other Hospital,Dhaka,Dhaka,
1975,UHC,BGD25316,"National Institute of Biotechnology, Ashulia, Savar,Dhaka",Other Hospital,Dhaka,Dhaka,
1976,UHC,BGD25317,"Director,	Mugda Medical College  Hospital, Dhaka",Other Hospital,Dhaka,Dhaka,
1977,UHC,BGD25318,"Director, Sarkari Karmachari Hospital,Fulbaria, Dhaka",Other Hospital,Dhaka,Dhaka,
1988,UHC,BGD25330,"Prime Minister Office, Tejgaon, Dhaka",Other Hospital,Dhaka,Dhaka,
1989,UHC,BGD25331,"Director, CMSD, Tejgaon, Dhaka",Other Hospital,Dhaka,Dhaka,
1996,UHC,BGD25338,"Project Director, National Cervical and Breast  Cancer Screening and Training Center, BSMMU, Dhaka",Other Hospital,Dhaka,Dhaka,
1999,UHC,BGD25342,"Drug Testing Laboratory, Agrabad, Chattagram",Other Hospital,Chattogram,Chattogram,
2005,UHC,BGD36631,"Physician of Honourable Prime Minister, Office of Prime Minister(Medical Cell), Tejgaon, Dhaka.",Other Hospital,Dhaka,Dhaka,
2009,UHC,BGD36635,"Joint Secretary, Health Service Division (HSD), MOHFW, Dhaka, Blangladesh",Other Hospital,Dhaka,Dhaka,HSD
2012,UHC,BGD36648,"Chief Advisor Office, Tejgaon,Dhaka",Other Hospital,Dhaka,Dhaka,
1732,UHC,10001809,Khulna Port Health Office,Port Health Office,Khulna,Khulna,
2001,UHC,BGD25344,"Health Officer, Hazarat Shah Jalal International Airport, Dhaka",Port Health Office,Dhaka,Dhaka,
1282,UHC,10000006,National Institute Of Cancer Research And Hospital (NICR&H),Postgraduate Institute & Hospital,Dhaka,Dhaka,NICRH
1283,UHC,10000007,National Institute Of Cardiovascular Disease (NICVD),Postgraduate Institute & Hospital,Dhaka,Dhaka,NICVD
1284,UHC,10000008,National Institute of Diseases of the Chest & Hospital (NIDCH),Postgraduate Institute & Hospital,Dhaka,Dhaka,NIDCH
1285,UHC,10000009,National Institute of Kidney Disease and Urology (NIKDU),Postgraduate Institute & Hospital,Dhaka,Dhaka,NIKDU
1286,UHC,10000010,National Institute Of Mental Health (NIMH),Postgraduate Institute & Hospital,Dhaka,Dhaka,NIMH
1287,UHC,10000011,National Institute Of Ophthalmology (NIO),Postgraduate Institute & Hospital,Dhaka,Dhaka,NIO
1288,UHC,10000013,National Institute of Traumatology and Orthopaedic Rehabilitation (NITOR),Postgraduate Institute & Hospital,Dhaka,Dhaka,NITOR
1877,UHC,10002301,Bangladesh Institute of Tropical and Infectious Disease (Fouzderhat),Postgraduate Institute & Hospital,Chattogram,Chattogram,
1878,UHC,10002303,"Institute of Child and Mother Health, Matuail",Postgraduate Institute & Hospital,Rajshahi,Rajshahi,
1898,UHC,10017208,"National Institute of Ear, Nose And Throat (ENT), Dhaka, Bangladesh",Postgraduate Institute & Hospital,Dhaka,Dhaka,ENT
1900,UHC,10017210,National Institute of Neuro Sciences & Hospital (NINS & H),Postgraduate Institute & Hospital,Dhaka,Dhaka,neuroscience
2017,UHC,PVT00000001,"Regent Hospital, Mirpur, Dhaka",Private Hospital / Clinic,Dhaka,Dhaka,
2018,UHC,PVT00000002,"Regent Hospital, Uttara, Dhaka",Private Hospital / Clinic,Dhaka,Dhaka,
1281,UHC,10000003,"Institute of Epidemiology, Disease Control & Research (IEDCR)",Public Health Institution,Dhaka,Dhaka,IEDCR
1292,UHC,10000026,Center For Medical Education,Public Health Institution,Dhaka,Dhaka,
1911,UHC,10023646,250 beded National Ophthalmology Inst. and Hospital (1st Phase: 250 beds),Public Health Institution,Dhaka,Dhaka,
2013,UHC,BGD36649,"Bangladesh Institute of Administration and Management (BIAM) Foundation, Dhaka",Regional Training Center,Dhaka,Dhaka,BIAM
1298,UHC,10000034,"Sarkari Karmachari Hospital- Fulbaria, Dhaka-1000",Special Purpose Hospital,Dhaka,Dhaka,
1909,UHC,10023644,"Maternal & Child Health Training & Research Institute, Lalkuthi, Mirpur",Special Purpose Hospital,Dhaka,Dhaka,
1936,UHC,BGD25268,Dhaka Shishu Hospital,Special Purpose Hospital,Dhaka,Dhaka,
1990,UHC,BGD25332,"Project Director, COVID-19  Emergency Response and Pandemic Preparedness Project, Gulshan, Dhaka",Special Purpose Hospital,Dhaka,Dhaka,
1991,UHC,BGD25333,"Director, COVID Unit,DGHS, Mohakhali, Dhaka",Special Purpose Hospital,Dhaka,Dhaka,
2002,UHC,BGD25345,"Maternal and Child Health Training Institute, Azimpur, Dhaka",Special Purpose Hospital,Dhaka,Dhaka,
1289,UHC,10000014,National Center For Control Of Rheumatic Fever & Heart Disease,Specialized Health Center,Dhaka,Dhaka,
1291,UHC,10000024,National Asthma Center,Specialized Health Center,Dhaka,Dhaka,
1470,UHC,10000770,"Central Skin & Social Hygiene Center, Chittagong.",Specialized Health Center,Chattogram,Chattogram,
2007,UHC,BGD36633,"Mujib-Jahan Red Crescent Blood Centre, Sylhet",Specialized Health Center,Sylhet,Sylhet,
1648,UHC,10001486,Pabna Mental Hospital,Specialized Hospital,Rajshahi,Pabna,
1733,UHC,10001811,"Khulna Specialized Hospital, Khulna",Specialized Hospital,Khulna,Khulna,
1897,UHC,10017207,100 bed Burn Unit at DMCH,Specialized Hospital,Dhaka,Dhaka,
1904,UHC,10019224,"Gopalganj Eye Hospital And Training Institute, Gopalganj",Specialized Hospital,Dhaka,Gopalganj,
1923,UHC,10025001,"National Institute of Burn and Plastic Surgery, Dhaka",Specialized Hospital,Dhaka,Dhaka,
1925,UHC,10025022,"National Gastroliver Institute & Hospital, Dhaka",Specialized Hospital,Dhaka,Dhaka,
1972,UHC,BGD25313,"Director, Bangladesh Shishu Hospital and Institute, Dhaka, Bangladesh",Specialized Hospital,Dhaka,Dhaka,
1321,UHC,10000112,Faridpur Trauma Center,Trauma Center,Dhaka,Faridpur,
1371,UHC,10000351,Bhaluka Trauma Center,Trauma Center,Mymensingh,Mymensingh,
1496,UHC,10000876,Sahidnagar 20 bed Truma  Center,Trauma Center,Chattogram,Cumilla,
1521,UHC,10000957,Feni Trauma Center,Trauma Center,Chattogram,Feni,
1690,UHC,10001651,Sirajganj Trauma Center,Trauma Center,Rajshahi,Sirajganj,
