SL.,Facility Level,Facility Code,Facility Name,Facility Type,Division Name,District Name
1306,UHC,10000064,"Dhamrai Upazila Health Complex, Dhaka",Upazila Health Complex,Dhaka,Dhaka
1307,UHC,10000069,"Dohar Upazila Health Complex, Dhaka",Upazila Health Complex,Dhaka,Dhaka
1310,UHC,10000074,"Keraniganj Upazila Health Complex, Dhaka",Upazila Health Complex,Dhaka,Dhaka
1311,UHC,10000080,"Nawabganj Upazila Health Complex, Dhaka",Upazila Health Complex,Dhaka,Dhaka
1312,UHC,10000083,"Savar Upazila Health Complex, Dhaka",Upazila Health Complex,Dhaka,Dhaka
1313,UHC,10000085,"Alfadanga Upazila Health Complex, Faridpur",Upazila Health Complex,Dhaka,Faridpur
1314,UHC,10000089,"Bhanga Upazila Health Complex, Faridpur",Upazila Health Complex,Dhaka,Faridpur
1315,UHC,10000095,"Boalmari Upazila Health Complex, Faridpur",Upazila Health Complex,Dhaka,Faridpur
1316,UHC,10000098,"Charbhadrason Upazila Health Complex, Faridpur",Upazila Health Complex,Dhaka,Faridpur
1322,UHC,10000113,"Modhukhali Upazila Health Complex, Faridpur",Upazila Health Complex,Dhaka,Faridpur
1323,UHC,10000120,"Nagarkanda Upazila Health Complex, Faridpur",Upazila Health Complex,Dhaka,Faridpur
1324,UHC,10000128,"Sadarpur Upazila Health Complex, Faridpur",Upazila Health Complex,Dhaka,Faridpur
1325,UHC,10000141,"Kaliakair Upazila Health Complex, Gazipur",Upazila Health Complex,Dhaka,Gazipur
1326,UHC,10000144,"Kaliganj Upazila Health Complex, Gazipur",Upazila Health Complex,Dhaka,Gazipur
1327,UHC,10000146,"Kapasia Upazila Health Complex, Gazipur",Upazila Health Complex,Dhaka,Gazipur
1328,UHC,10000151,"Sreepur Upazila Health Complex, Gazipur",Upazila Health Complex,Dhaka,Gazipur
1331,UHC,10000167,"Kashiani Upazila Health Complex, Gopalganj",Upazila Health Complex,Dhaka,Gopalganj
1332,UHC,10000173,"Kotalipara Upazila Health Complex, Gopalganj",Upazila Health Complex,Dhaka,Gopalganj
1333,UHC,10000181,"Muksudpur Upazila Health Complex, Gopalganj",Upazila Health Complex,Dhaka,Gopalganj
1334,UHC,10000182,"Tungipara Upazila Health Complex, Gopalganj",Upazila Health Complex,Dhaka,Gopalganj
1335,UHC,10000188,"Bakshiganj Upazila Health Complex, Jamalpur",Upazila Health Complex,Mymensingh,Jamalpur
1336,UHC,10000191,"Dewanganj Upazila Health Complex, Jamalpur",Upazila Health Complex,Mymensingh,Jamalpur
1337,UHC,10000196,"Islampur Upazila Health Complex, Jamalpur",Upazila Health Complex,Mymensingh,Jamalpur
1339,UHC,10000212,"Madarganj Upazila Health Complex, Jamalpur",Upazila Health Complex,Mymensingh,Jamalpur
1340,UHC,10000218,"Melandah Upazila Health Complex, Jamalpur",Upazila Health Complex,Mymensingh,Jamalpur
1341,UHC,10000220,"Sarishabari Upazila Health Complex, Jamalpur",Upazila Health Complex,Mymensingh,Jamalpur
1342,UHC,10000223,"Austagram Upazila Health Complex, Kishoreganj",Upazila Health Complex,Dhaka,Kishoreganj
1343,UHC,10000227,"Bajitpur Upazila Health Complex, Kishoreganj",Upazila Health Complex,Dhaka,Kishoreganj
1344,UHC,10000230,"Bhairab Upazila Health Complex, Kishoreganj",Upazila Health Complex,Dhaka,Kishoreganj
1345,UHC,10000232,"Hossainpur Upazila Health Complex, Kishoreganj",Upazila Health Complex,Dhaka,Kishoreganj
1346,UHC,10000234,"Itna Upazila Health Complex, Kishoreganj",Upazila Health Complex,Dhaka,Kishoreganj
1347,UHC,10000236,"Karimganj Upazila Health Complex, Kishoreganj",Upazila Health Complex,Dhaka,Kishoreganj
1348,UHC,10000241,"Katiadi Upazila Health Complex, Kishoreganj",Upazila Health Complex,Dhaka,Kishoreganj
1350,UHC,10000246,"Kuliarchar Upazila Health Complex, Kishoreganj",Upazila Health Complex,Dhaka,Kishoreganj
1351,UHC,10000249,"Mithamoin Upazila Health Complex, Kishoreganj",Upazila Health Complex,Dhaka,Kishoreganj
1352,UHC,10000250,"Nikli Upazila Health Complex, Kishoreganj",Upazila Health Complex,Dhaka,Kishoreganj
1353,UHC,10000252,"Pakundia Upazila Health Complex, Kishoreganj",Upazila Health Complex,Dhaka,Kishoreganj
1354,UHC,10000253,"Tarail Upazila Health Complex, Kishoreganj",Upazila Health Complex,Dhaka,Kishoreganj
1355,UHC,10000258,"Kalkini Upazila Health Complex, Madaripur",Upazila Health Complex,Dhaka,Madaripur
1357,UHC,10000270,"Rajoir Upazila Health Complex, Madaripur",Upazila Health Complex,Dhaka,Madaripur
1358,UHC,10000274,"Shibchar Upazila Health Complex, Madaripur",Upazila Health Complex,Dhaka,Madaripur
1359,UHC,10000277,"Daulatpur Upazila Health Complex, Manikganj",Upazila Health Complex,Dhaka,Manikganj
1360,UHC,10000281,"Ghior Upazila Health Complex, Manikganj",Upazila Health Complex,Dhaka,Manikganj
1361,UHC,10000288,"Harirampur Upazila Health Complex, Manikganj",Upazila Health Complex,Dhaka,Manikganj
1362,UHC,10000303,"Saturia Upazila Health Complex, Manikganj",Upazila Health Complex,Dhaka,Manikganj
1363,UHC,10000307,"Shibalaya Upazila Health Complex, Manikganj",Upazila Health Complex,Dhaka,Manikganj
1364,UHC,10000312,"Singair Upazila Health Complex, Manikganj",Upazila Health Complex,Dhaka,Manikganj
1365,UHC,10000317,"Gazaria Upazila Health Complex, Munshiganj",Upazila Health Complex,Dhaka,Munshiganj
1366,UHC,10000323,"Lauhajang Upazila Health Complex, Munshiganj",Upazila Health Complex,Dhaka,Munshiganj
1368,UHC,10000333,"Serajdikhan Upazila Health Complex, Munshiganj",Upazila Health Complex,Dhaka,Munshiganj
1369,UHC,10000341,"Sreenagar Upazila Health Complex, Munshiganj",Upazila Health Complex,Dhaka,Munshiganj
1370,UHC,10000347,"Tungibari Upazila Health Complex, Munshiganj",Upazila Health Complex,Dhaka,Munshiganj
1372,UHC,10000352,"Bhaluka Upazila Health Complex, Mymensingh",Upazila Health Complex,Mymensingh,Mymensingh
1373,UHC,10000355,"Dhubaura Upazila Health Complex, Mymensingh",Upazila Health Complex,Mymensingh,Mymensingh
1374,UHC,10000358,"Fulbaria Upazila Health Complex, Mymensingh",Upazila Health Complex,Mymensingh,Mymensingh
1375,UHC,10000362,"Phulpur Upazila Health Complex, Mymensingh",Upazila Health Complex,Mymensingh,Mymensingh
1376,UHC,10000369,"Gofargaon Upazila Health Complex, Mymensingh",Upazila Health Complex,Mymensingh,Mymensingh
1377,UHC,10000373,"Gouripur Upazila Health Complex, Mymensingh",Upazila Health Complex,Mymensingh,Mymensingh
1378,UHC,10000379,"Haluaghat Upazila Health Complex, Mymensingh",Upazila Health Complex,Mymensingh,Mymensingh
1379,UHC,10000383,"Iswarganj Upazila Health Complex, Mymensingh",Upazila Health Complex,Mymensingh,Mymensingh
1380,UHC,10000387,"Muktagacha Upazila Health Complex, Mymensingh",Upazila Health Complex,Mymensingh,Mymensingh
1384,UHC,10000404,"Nandail Upazila Health Complex, Mymensingh",Upazila Health Complex,Mymensingh,Mymensingh
1385,UHC,10000409,"Trisal Upazila Health Complex, Mymensingh",Upazila Health Complex,Mymensingh,Mymensingh
1386,UHC,10000415,"Araihazar Upazila Health Complex, Narayanganj",Upazila Health Complex,Dhaka,Narayanganj
1388,UHC,10000420,"Bandar Upazila Health Complex, Narayanganj",Upazila Health Complex,Dhaka,Narayanganj
1392,UHC,10000430,"Rupganj Upazila Health Complex, Narayanganj",Upazila Health Complex,Dhaka,Narayanganj
1393,UHC,10000435,"Sonargaon Upazila Health Complex, Narayanganj",Upazila Health Complex,Dhaka,Narayanganj
1394,UHC,10000436,"Belabo Upazila Health Complex, Narsingdi",Upazila Health Complex,Dhaka,Narsingdi
1395,UHC,10000443,"Monohardi Upazila Health Complex, Narsingdi",Upazila Health Complex,Dhaka,Narsingdi
1397,UHC,10000456,"Palash Upazila Health Complex, Narsingdi",Upazila Health Complex,Dhaka,Narsingdi
1398,UHC,10000458,"Raipura Upazila Health Complex, Narsingdi",Upazila Health Complex,Dhaka,Narsingdi
1399,UHC,10000461,"Shibpur Upazila Health Complex, Narsingdi",Upazila Health Complex,Dhaka,Narsingdi
1400,UHC,10000466,"Atpara Upazila Health Complex, Netrakona",Upazila Health Complex,Mymensingh,Netrakona
1401,UHC,10000468,"Barhatta Upazila Health Complex, Netrakona",Upazila Health Complex,Mymensingh,Netrakona
1402,UHC,10000470,"Durgapur Upazila Health Complex, Rajshahi",Upazila Health Complex,Rajshahi,Rajshahi
1403,UHC,10000472,"Kalmakanda Upazila Health Complex, Netrakona",Upazila Health Complex,Mymensingh,Netrakona
1404,UHC,10000482,"Kendua Upazila Health Complex, Netrakona",Upazila Health Complex,Mymensingh,Netrakona
1405,UHC,10000486,"Khaliajuri Upazila Health Complex, Netrakona",Upazila Health Complex,Mymensingh,Netrakona
1406,UHC,10000488,"Madan Upazila Health Complex, Netrakona",Upazila Health Complex,Mymensingh,Netrakona
1407,UHC,10000489,"Mohanganj Upazila  Health  Complex, Netrakona",Upazila Health Complex,Mymensingh,Netrakona
1408,UHC,10000500,"Purbadhala Upazila Health Complex, Netrakona",Upazila Health Complex,Mymensingh,Netrakona
1409,UHC,10000505,"Baliakandi Upazila Health Complex, Rajbari",Upazila Health Complex,Dhaka,Rajbari
1410,UHC,10000508,"Goalanda Upazila Health Complex, Rajbari",Upazila Health Complex,Dhaka,Rajbari
1411,UHC,10000511,"Kalukhali Upazila Health Complex, Rajbari",Upazila Health Complex,Dhaka,Rajbari
1412,UHC,10000518,"Pangsha Upazila Health Complex, Rajbari",Upazila Health Complex,Dhaka,Rajbari
1413,UHC,10000541,"Bhedarganj Upazila Health Complex, Shariatpur",Upazila Health Complex,Dhaka,Shariatpur
1414,UHC,10000544,"Damudya Upazila Health Complex, Shariatpur",Upazila Health Complex,Dhaka,Shariatpur
1415,UHC,10000546,"Goshairhat Upazila Health Complex, Shariatpur",Upazila Health Complex,Dhaka,Shariatpur
1417,UHC,10000551,"Naria Upazila Health Complex, Shariatpur",Upazila Health Complex,Dhaka,Shariatpur
1418,UHC,10000563,"Zanjira Upazila Health Complex, Shariatpur",Upazila Health Complex,Dhaka,Shariatpur
1419,UHC,10000565,"Jhenaigati Upazila Health Complex, Sherpur",Upazila Health Complex,Mymensingh,Sherpur
1420,UHC,10000567,"Nakhla Upazila Health Complex, Sherpur",Upazila Health Complex,Mymensingh,Sherpur
1421,UHC,10000568,"Nalitabari Upazila Health Complex, Sherpur",Upazila Health Complex,Mymensingh,Sherpur
1422,UHC,10000578,"Sribordi Upazila health Complex, Sherpur",Upazila Health Complex,Mymensingh,Sherpur
1423,UHC,10000581,"Basail Upazila Health Complex, Tangail",Upazila Health Complex,Dhaka,Tangail
1424,UHC,10000586,"Bhuapur Upazila Health Complex, Tangail",Upazila Health Complex,Dhaka,Tangail
1425,UHC,10000591,"Delduar Upazila Health Complex, Tangail",Upazila Health Complex,Dhaka,Tangail
1426,UHC,10000595,"Dhanbari Upazila Health Complex, Tangail",Upazila Health Complex,Dhaka,Tangail
1427,UHC,10000601,"Ghatail Upazila Health Complex, Tangail",Upazila Health Complex,Dhaka,Tangail
1428,UHC,10000607,"Gopalpur Upazila Health Complex, Tangail",Upazila Health Complex,Dhaka,Tangail
1429,UHC,10000613,"Kalihati Upazila Health Complex, Tangail",Upazila Health Complex,Dhaka,Tangail
1430,UHC,10000619,"Mirzapur Upazila Health Complex, Tangail",Upazila Health Complex,Dhaka,Tangail
1431,UHC,10000629,"Madhupur Upazila Health Complex, Tangail",Upazila Health Complex,Dhaka,Tangail
1432,UHC,10000634,"Nagarpur Upazila Health Complex, Tangail",Upazila Health Complex,Dhaka,Tangail
1433,UHC,10000640,"Shakhipur Upazila Health Complex, Tangail",Upazila Health Complex,Dhaka,Tangail
1436,UHC,10000652,"Alikadam Upazila Health Complex, Bandarban",Upazila Health Complex,Chattogram,Bandarban
1437,UHC,10000656,"Lama Upazila Health Complex, Bandarban",Upazila Health Complex,Chattogram,Bandarban
1438,UHC,10000658,"Naikhongchari Upazila Health Complex, Bandarban",Upazila Health Complex,Chattogram,Bandarban
1439,UHC,10000659,"Rowangchari Upazila Health Complex, Bandarban",Upazila Health Complex,Chattogram,Bandarban
1440,UHC,10000660,"Ruma Upazila Health Complex, Bandarban",Upazila Health Complex,Chattogram,Bandarban
1441,UHC,10000661,"Thanchi Upazila Health Complex, Bandarban",Upazila Health Complex,Chattogram,Bandarban
1442,UHC,10000663,"Akhaura Upazila Health Complex, Brahmanbaria",Upazila Health Complex,Chattogram,Brahmanbaria
1443,UHC,10000665,"Ashuganj Upazila Health Complex, Brahmanbaria",Upazila Health Complex,Chattogram,Brahmanbaria
1444,UHC,10000667,"Bancharampur Upazila Health Complex, Brahmanbaria",Upazila Health Complex,Chattogram,Brahmanbaria
1447,UHC,10000678,"Kashba Upazila Health Complex, Brahmanbaria",Upazila Health Complex,Chattogram,Brahmanbaria
1448,UHC,10000682,"Nabinagar Upazila Health Complex, Brahmanbaria",Upazila Health Complex,Chattogram,Brahmanbaria
1450,UHC,10000691,"Nasirnagar Upazila Health Complex, Brahmanbaria",Upazila Health Complex,Chattogram,Brahmanbaria
1451,UHC,10000694,"Sarail Upazila Health Complex, Brahmanbaria",Upazila Health Complex,Chattogram,Brahmanbaria
1453,UHC,10000706,"Faridganj Upazila Health Complex, Chandpur",Upazila Health Complex,Chattogram,Chandpur
1454,UHC,10000708,"Haimchar Upazila Health Complex, Chandpur",Upazila Health Complex,Chattogram,Chandpur
1455,UHC,10000709,"Haziganj Upazila Health Complex, Chandpur",Upazila Health Complex,Chattogram,Chandpur
1456,UHC,10000715,"Kachua Upazila Health Complex, Chandpur",Upazila Health Complex,Chattogram,Chandpur
1457,UHC,10000721,"Matlab(daxin) Upazila Health Complex, Chandpur",Upazila Health Complex,Chattogram,Chandpur
1458,UHC,10000725,"Matlab(uttar) Upazila Health Complex, Chandpur",Upazila Health Complex,Chattogram,Chandpur
1459,UHC,10000727,"Saharasthi Upazila Health Complex, Chandpur",Upazila Health Complex,Chattogram,Chandpur
1460,UHC,10000729,"Anwara Upazila Health Complex, Chattogram",Upazila Health Complex,Chattogram,Chattogram
1461,UHC,10000734,"Banshkhali Upazila Health Complex, Chattogram",Upazila Health Complex,Chattogram,Chattogram
1462,UHC,10000740,"Boalkhali Upazila Health Complex, Chattogram",Upazila Health Complex,Chattogram,Chattogram
1463,UHC,10000748,"Chandanaish Upazila Health Complex, Chattogram",Upazila Health Complex,Chattogram,Chattogram
1472,UHC,10000781,"Fatikchari Upazila Health Complex, Chattogram",Upazila Health Complex,Chattogram,Chattogram
1473,UHC,10000786,"Hathazari Upazila Health Complex, Chattogram",Upazila Health Complex,Chattogram,Chattogram
1474,UHC,10000792,"Lohagara Upazila Health Complex, Chattogram",Upazila Health Complex,Chattogram,Chattogram
1475,UHC,10000794,"Mirsharai Upazila Health Complex, Chattogram",Upazila Health Complex,Chattogram,Chattogram
1476,UHC,10000802,"Patiya Upazila Health Complex, Chattogram",Upazila Health Complex,Chattogram,Chattogram
1477,UHC,10000813,"Rangunia Upazila Health Complex, Chattogram",Upazila Health Complex,Chattogram,Chattogram
1478,UHC,10000817,"Raozan Upazila Health Complex, Chattogram",Upazila Health Complex,Chattogram,Chattogram
1480,UHC,10000829,"Sandwip Upazila Health Complex, Chattogram",Upazila Health Complex,Chattogram,Chattogram
1481,UHC,10000835,"Satkania Upazila Health Complex, Chattogram",Upazila Health Complex,Chattogram,Chattogram
1482,UHC,10000838,"Sitakunda Upazila Health Complex, Chattogram",Upazila Health Complex,Chattogram,Chattogram
1483,UHC,10000842,"Barura Upazila Health Complex, Cumilla",Upazila Health Complex,Chattogram,Cumilla
1485,UHC,10000846,"Brahmanpara Upazila Health Complex, Cumilla",Upazila Health Complex,Chattogram,Cumilla
1486,UHC,10000847,"Burichong Upazila Health Complex, Cumilla",Upazila Health Complex,Chattogram,Cumilla
1487,UHC,10000852,"Chaddagram Upazila Health Complex, Cumilla",Upazila Health Complex,Chattogram,Cumilla
1489,UHC,10000857,"Chandina Upazila Health Complex, Cumilla",Upazila Health Complex,Chattogram,Cumilla
1491,UHC,10000862,"Cumilla Sadar Daxin Upazila Health Complex, Cumilla",Upazila Health Complex,Chattogram,Cumilla
1495,UHC,10000875,"Daudkandi Upazila Health Complex, Cumilla",Upazila Health Complex,Chattogram,Cumilla
1498,UHC,10000883,"Debidwar Upazila Health Complex, Cumilla",Upazila Health Complex,Chattogram,Cumilla
1499,UHC,10000887,"Homna Upazila Health Complex, Cumilla",Upazila Health Complex,Chattogram,Cumilla
1501,UHC,10000892,"Laksham Upazila Health Complex, Cumilla",Upazila Health Complex,Chattogram,Cumilla
1502,UHC,10000893,"Meghna Upazila Health Complex, Cumilla",Upazila Health Complex,Chattogram,Cumilla
1503,UHC,10000897,"Monoharganj Upazila Health Complex, Cumilla",Upazila Health Complex,Chattogram,Cumilla
1504,UHC,10000903,"Muradnagar Upazila Health Complex, Cumilla",Upazila Health Complex,Chattogram,Cumilla
1506,UHC,10000914,"Titas Upazila Health Complex, Cumilla",Upazila Health Complex,Chattogram,Cumilla
1507,UHC,10000918,"Chakaria Upazila Health Complex, Coxs Bazar",Upazila Health Complex,Chattogram,Coxs Bazar
1509,UHC,10000924,"Kutubdia Upazila Health Complex, Coxs Bazar",Upazila Health Complex,Chattogram,Coxs Bazar
1510,UHC,10000926,"Moheshkhali Upazila Health Complex, Coxs Bazar",Upazila Health Complex,Chattogram,Coxs Bazar
1512,UHC,10000928,"Pekua Upazila Health Complex, Coxs Bazar",Upazila Health Complex,Chattogram,Coxs Bazar
1513,UHC,10000931,"Ramu Upazila Health Complex, Coxs Bazar",Upazila Health Complex,Chattogram,Coxs Bazar
1515,UHC,10000934,"Teknaf Upazila Health Complex, Coxs Bazar",Upazila Health Complex,Chattogram,Coxs Bazar
1516,UHC,10000939,"Ukhia Upazila Health Complex, Coxs Bazar",Upazila Health Complex,Chattogram,Coxs Bazar
1517,UHC,10000942,"Chhagalnaya Upazila Health Complex, Feni",Upazila Health Complex,Chattogram,Feni
1518,UHC,10000946,"Daganbhuiya Upazila Health Complex, Feni",Upazila Health Complex,Chattogram,Feni
1522,UHC,10000960,"Fulgazi Upazila Health Complex, Feni",Upazila Health Complex,Chattogram,Feni
1523,UHC,10000961,"Parsuram Upazila Health Complex, Feni",Upazila Health Complex,Chattogram,Feni
1524,UHC,10000969,"Sonagazi Upazila Health Complex, Feni",Upazila Health Complex,Chattogram,Feni
1525,UHC,10000973,"Dighinala Upazila Health Complex, Khagrachhari",Upazila Health Complex,Chattogram,Khagrachhari
1526,UHC,10000978,"Lakshmichari Upazila Health Complex, Khagrachhari",Upazila Health Complex,Chattogram,Khagrachhari
1527,UHC,10000979,"Manikchari Upazila Health Complex, Khagrachhari",Upazila Health Complex,Chattogram,Khagrachhari
1528,UHC,10000983,"Matiranga Upazila Health Complex, Khagrachhari",Upazila Health Complex,Chattogram,Khagrachhari
1530,UHC,10000986,"Mohalchari Upazila Health Complex, Khagrachhari",Upazila Health Complex,Chattogram,Khagrachhari
1531,UHC,10000988,"Panchari Upazila Health Complex, Khagrachhari",Upazila Health Complex,Chattogram,Khagrachhari
1532,UHC,10000991,"Ramgarh Upazila Health Complex, Khagrachhari",Upazila Health Complex,Chattogram,Khagrachhari
1533,UHC,10000992,"Kamalnagar Upazila Health Complex, Lakshmipur",Upazila Health Complex,Chattogram,Lakshmipur
1534,UHC,10001003,"Raipur Upazila Health Complex, Lakshmipur",Upazila Health Complex,Chattogram,Lakshmipur
1535,UHC,10001011,"Ramganj Upazila Health Complex, Lakshmipur",Upazila Health Complex,Chattogram,Lakshmipur
1537,UHC,10001019,"Ramgati Upazila Health Complex, Lakshmipur",Upazila Health Complex,Chattogram,Lakshmipur
1539,UHC,10001028,"Begumganj Upazila Health Complex, Noakhali",Upazila Health Complex,Chattogram,Noakhali
1540,UHC,10001031,"Chatkhil Upazila Health Complex, Noakhali",Upazila Health Complex,Chattogram,Noakhali
1541,UHC,10001033,"Companiganj Upazila Health Complex, Noakhali",Upazila Health Complex,Chattogram,Noakhali
1542,UHC,10001037,"Hatiya Upazila Health Complex, Noakhali",Upazila Health Complex,Chattogram,Noakhali
1543,UHC,10001041,"Kabirhat Upazila Health Complex, Noakhali",Upazila Health Complex,Chattogram,Noakhali
1547,UHC,10001056,"Senbag Upazila Health Complex, Noakhali",Upazila Health Complex,Chattogram,Noakhali
1548,UHC,10001061,"Sonaimuri Upazila Health Complex, Noakhali",Upazila Health Complex,Chattogram,Noakhali
1549,UHC,10001064,"Subarnachar Upazila Health Complex, Noakhali",Upazila Health Complex,Chattogram,Noakhali
1550,UHC,10001067,"Baghaichari Upazila Health Complex, Rangamati",Upazila Health Complex,Chattogram,Rangamati
1551,UHC,10001070,"Barkal Upazila Health Complex, Rangamati",Upazila Health Complex,Chattogram,Rangamati
1552,UHC,10001072,"Belaichari Upazila Health Complex, Rangamati",Upazila Health Complex,Chattogram,Rangamati
1553,UHC,10001074,"Juraichari Upazila Health Complex, Rangamati",Upazila Health Complex,Chattogram,Rangamati
1555,UHC,10001076,"Kaptai Upazila Health Complex, Rangamati",Upazila Health Complex,Chattogram,Rangamati
1556,UHC,10001077,"Kawkhali Upazila Health Complex, Rangamati",Upazila Health Complex,Chattogram,Rangamati
1557,UHC,10001080,"Langadu Upazila Health Complex, Rangamati",Upazila Health Complex,Chattogram,Rangamati
1558,UHC,10001083,"Naniarchar Upazila Health Complex, Rangamati",Upazila Health Complex,Chattogram,Rangamati
1559,UHC,10001085,"Rajasthali Upazila Health Complex, Rangamati",Upazila Health Complex,Chattogram,Rangamati
1561,UHC,10001095,"Adamdighi Upazila Health Complex, Bogura",Upazila Health Complex,Rajshahi,Bogura
1566,UHC,10001115,"Dhunat Upazila Health Complex, Bogura",Upazila Health Complex,Rajshahi,Bogura
1567,UHC,10001117,"Dhupchachia Upazila Health Complex, Bogura",Upazila Health Complex,Rajshahi,Bogura
1568,UHC,10001122,"Gabtali Upazila Health Complex, Bogura",Upazila Health Complex,Rajshahi,Bogura
1569,UHC,10001128,"Kahaloo Upazila Health Complex, Bogura",Upazila Health Complex,Rajshahi,Bogura
1571,UHC,10001135,"Nandigram Upazila Health Complex, Bogura",Upazila Health Complex,Rajshahi,Bogura
1572,UHC,10001140,"Sariakandi Upazila Health Complex, Bogura",Upazila Health Complex,Rajshahi,Bogura
1573,UHC,10001143,"Shajahanpur Upazila Health Complex, Bogura",Upazila Health Complex,Rajshahi,Bogura
1574,UHC,10001147,"Sherpur Upazila Health Complex, Bogura",Upazila Health Complex,Rajshahi,Bogura
1576,UHC,10001156,"Shibganj Upazila Health Complex, Bogura",Upazila Health Complex,Rajshahi,Bogura
1577,UHC,10001159,"Sonatala Upazila Health Complex, Bogura",Upazila Health Complex,Rajshahi,Bogura
1578,UHC,10001163,"Bholahat Upazila Health Complex, Chapai Nawabganj",Upazila Health Complex,Rajshahi,Chapai Nawabganj
1579,UHC,10001167,"Gomastapur Upazila Health Complex, Chapai Nawabganj",Upazila Health Complex,Rajshahi,Chapai Nawabganj
1580,UHC,10001168,"Nachol Upazila Health Complex, Chapai Nawabganj",Upazila Health Complex,Rajshahi,Chapai Nawabganj
1582,UHC,10001189,"Birampur Upazila Health Complex, Dinajpur",Upazila Health Complex,Rangpur,Dinajpur
1583,UHC,10001193,"Birganj Upazila Health Complex, Dinajpur",Upazila Health Complex,Rangpur,Dinajpur
1584,UHC,10001200,"Birol Upazila Health Complex, Dinajpur",Upazila Health Complex,Rangpur,Dinajpur
1585,UHC,10001201,"Bochaganj Upazila Health Complex, Dinajpur",Upazila Health Complex,Rangpur,Dinajpur
1586,UHC,10001203,"Chirirbandar Upazila Health Complex, Dinajpur",Upazila Health Complex,Rangpur,Dinajpur
1588,UHC,10001220,"Fulbari Upazila Health Complex, Dinajpur",Upazila Health Complex,Rangpur,Dinajpur
1589,UHC,10001224,"Ghoraghat Upazila Health Complex, Dinajpur",Upazila Health Complex,Rangpur,Dinajpur
1590,UHC,10001226,"Hakimpur Upazila Health Complex, Dinajpur",Upazila Health Complex,Rangpur,Dinajpur
1591,UHC,10001227,"Kaharol Upazila Health Complex, Dinajpur",Upazila Health Complex,Rangpur,Dinajpur
1592,UHC,10001230,"Khansama Upazila Health Complex, Dinajpur",Upazila Health Complex,Rangpur,Dinajpur
1593,UHC,10001238,"Parbatipur Upazila Health Complex, Dinajpur",Upazila Health Complex,Rangpur,Dinajpur
1594,UHC,10001244,"Fulchari Upazila Health Complex, Gaibandha",Upazila Health Complex,Rangpur,Gaibandha
1597,UHC,10001265,"Gobindaganj Upazila Health Complex, Gaibandha",Upazila Health Complex,Rangpur,Gaibandha
1598,UHC,10001272,"Palashbari Upazila Health Complex, Gaibandha",Upazila Health Complex,Rangpur,Gaibandha
1599,UHC,10001279,"Sadullapur Upazila Health Complex, Gaibandha",Upazila Health Complex,Rangpur,Gaibandha
1600,UHC,10001280,"Shaghatta Upazila Health Complex, Gaibandha",Upazila Health Complex,Rangpur,Gaibandha
1601,UHC,10001286,"Sundarganj Upazila Health Complex, Gaibandha",Upazila Health Complex,Rangpur,Gaibandha
1602,UHC,10001289,"Akkelpur Upazila Health Complex, Joypurhat",Upazila Health Complex,Rajshahi,Joypurhat
1603,UHC,10001301,"Kalai Upazila Health Complex, Joypurhat",Upazila Health Complex,Rajshahi,Joypurhat
1604,UHC,10001303,"Khetlal Upazila Health Complex, Joypurhat",Upazila Health Complex,Rajshahi,Joypurhat
1605,UHC,10001305,"Panchbibi Upazila Health Complex, Joypurhat",Upazila Health Complex,Rajshahi,Joypurhat
1606,UHC,10001308,"Bhurungamari Upazila Health Complex, Kurigram",Upazila Health Complex,Rangpur,Kurigram
1607,UHC,10001313,"Chilmari Upazila Health Complex, Kurigram",Upazila Health Complex,Rangpur,Kurigram
1609,UHC,10001322,"Nageswari Upazila Health Complex, Kurigram",Upazila Health Complex,Rangpur,Kurigram
1611,UHC,10001327,"Rajarhat Upazila Health Complex, Kurigram",Upazila Health Complex,Rangpur,Kurigram
1612,UHC,10001330,"Rajibpur Upazila Health Complex, Kurigram",Upazila Health Complex,Rangpur,Kurigram
1613,UHC,10001333,"Rowmari Upazila Health Complex, Kurigram",Upazila Health Complex,Rangpur,Kurigram
1614,UHC,10001338,"Ulipur Upazila Health Complex, Kurigram",Upazila Health Complex,Rangpur,Kurigram
1615,UHC,10001339,"Aditmari Upazila Health Complex, Lalmonirhat",Upazila Health Complex,Rangpur,Lalmonirhat
1616,UHC,10001342,"Hatibandha Upazila Health Complex, Lalmonirhat",Upazila Health Complex,Rangpur,Lalmonirhat
1618,UHC,10001355,"Patgram Upazila Health Complex, Lalmonirhat",Upazila Health Complex,Rangpur,Lalmonirhat
1619,UHC,10001363,"Atrai Upazila Health Complex, Naogaon",Upazila Health Complex,Rajshahi,Naogaon
1620,UHC,10001370,"Badalgachi Upazila Health Complex, Naogaon",Upazila Health Complex,Rajshahi,Naogaon
1621,UHC,10001374,"Dhamoirhat Upazila Health Complex, Naogaon",Upazila Health Complex,Rajshahi,Naogaon
1622,UHC,10001382,"Manda Upazila Health Complex, Naogaon",Upazila Health Complex,Rajshahi,Naogaon
1623,UHC,10001388,"Mohadevpur Upazila Health Complex, Naogaon",Upazila Health Complex,Rajshahi,Naogaon
1624,UHC,10001395,"Niamatpur Upazila Health Complex, Naogaon",Upazila Health Complex,Rajshahi,Naogaon
1625,UHC,10001402,"Patnitala Upazila Health Complex, Naogaon",Upazila Health Complex,Rajshahi,Naogaon
1626,UHC,10001405,"Porsha Upazila Health Complex, Naogaon",Upazila Health Complex,Rajshahi,Naogaon
1627,UHC,10001412,"Raninagar Upazila Health Complex, Naogaon",Upazila Health Complex,Rajshahi,Naogaon
1628,UHC,10001415,"Sapahar Upazila Health Complex, Naogaon",Upazila Health Complex,Rajshahi,Naogaon
1629,UHC,10001417,"Bagatipara Upazila Health Complex, Natore",Upazila Health Complex,Rajshahi,Natore
1630,UHC,10001421,"Baraigram Upazila Health Complex, Natore",Upazila Health Complex,Rajshahi,Natore
1631,UHC,10001424,"Gurudashpur Upazila Health Complex, Natore",Upazila Health Complex,Rajshahi,Natore
1632,UHC,10001426,"Lalpur Upazila Health Complex, Natore",Upazila Health Complex,Rajshahi,Natore
1634,UHC,10001438,"Singra Upazila Health Complex, Natore",Upazila Health Complex,Rajshahi,Natore
1635,UHC,10001442,"Dimla Upazila Health Complex, Nilphamari",Upazila Health Complex,Rangpur,Nilphamari
1636,UHC,10001450,"Domar Upazila Health Complex, Nilphamari",Upazila Health Complex,Rangpur,Nilphamari
1637,UHC,10001455,"Jaldhaka Upazila Health Complex, Nilphamari",Upazila Health Complex,Rangpur,Nilphamari
1638,UHC,10001459,"Kishoreganj Upazila Health Complex, Nilphamari",Upazila Health Complex,Rangpur,Nilphamari
1641,UHC,10001470,"Saidpur Upazila Health Complex, Nilphamari",Upazila Health Complex,Rangpur,Nilphamari
1642,UHC,10001472,"Atgharia Upazila Health Complex, Pabna",Upazila Health Complex,Rajshahi,Pabna
1643,UHC,10001473,"Bhangura Upazila Health Complex, Pabna",Upazila Health Complex,Rajshahi,Pabna
1644,UHC,10001476,"Bera Upazila Health Complex, Pabna",Upazila Health Complex,Rajshahi,Pabna
1645,UHC,10001479,"Chatmohar Upazila Health Complex, Pabna",Upazila Health Complex,Rajshahi,Pabna
1646,UHC,10001481,"Faridpur Upazila Health Complex, Pabna",Upazila Health Complex,Rajshahi,Pabna
1647,UHC,10001482,"Iswardi Upazila Health Complex, Pabna",Upazila Health Complex,Rajshahi,Pabna
1651,UHC,10001493,"Santhia Upazila Health Complex, Pabna",Upazila Health Complex,Rajshahi,Pabna
1652,UHC,10001495,"Sujanagar Upazila Health Complex, Pabna",Upazila Health Complex,Rajshahi,Pabna
1653,UHC,10001500,"Atwari Upazila Health Complex, Panchagarh",Upazila Health Complex,Rangpur,Panchagarh
1654,UHC,10001502,"Boda Upazila Health Complex, Panchagarh",Upazila Health Complex,Rangpur,Panchagarh
1655,UHC,10001506,"Debiganj Upazila Health Complex, Panchagarh",Upazila Health Complex,Rangpur,Panchagarh
1656,UHC,10001518,"Tentulia Upazila Health Complex, Panchagarh",Upazila Health Complex,Rangpur,Panchagarh
1657,UHC,10001523,"Bagmara Upazila Health Complex, Rajshahi",Upazila Health Complex,Rajshahi,Rajshahi
1658,UHC,10001527,"Bagha Upazila Health Complex, Rajshahi",Upazila Health Complex,Rajshahi,Rajshahi
1659,UHC,10001528,"Charghat Upazila Health Complex, Rajshahi",Upazila Health Complex,Rajshahi,Rajshahi
1661,UHC,10001539,"Godagari Upazila Health Complex, Rajshahi",Upazila Health Complex,Rajshahi,Rajshahi
1662,UHC,10001543,"Mohanpur Upazila Health Complex, Rajshahi",Upazila Health Complex,Rajshahi,Rajshahi
1663,UHC,10001547,"Paba Upazila Health Complex, Rajshahi",Upazila Health Complex,Rajshahi,Rajshahi
1664,UHC,10001551,"Puthia Upazila Health Complex, Rajshahi",Upazila Health Complex,Rajshahi,Rajshahi
1670,UHC,10001571,"Tanore Upazila Health Complex, Rajshahi",Upazila Health Complex,Rajshahi,Rajshahi
1671,UHC,10001575,"Badarganj Upazila Health Complex, Rangpur",Upazila Health Complex,Rangpur,Rangpur
1672,UHC,10001579,"Gangachara Upazila Health Complex, Rangpur",Upazila Health Complex,Rangpur,Rangpur
1673,UHC,10001580,"Kownia Upazila Health Complex, Rangpur",Upazila Health Complex,Rangpur,Rangpur
1674,UHC,10001591,"Mithapukur Upazila Health Complex, Rangpur",Upazila Health Complex,Rangpur,Rangpur
1675,UHC,10001594,"Pirgacha Upazila Health Complex, Rangpur",Upazila Health Complex,Rangpur,Rangpur
1676,UHC,10001603,"Pirganj Upazila Health Complex, Rangpur",Upazila Health Complex,Rangpur,Rangpur
1681,UHC,10001622,"Taraganj Upazila Health Complex, Rangpur",Upazila Health Complex,Rangpur,Rangpur
1682,UHC,10001624,"Belkuchi Upazila Health Complex, Sirajganj",Upazila Health Complex,Rajshahi,Sirajganj
1683,UHC,10001629,"Chowhali Upazila Health Complex, Sirajganj",Upazila Health Complex,Rajshahi,Sirajganj
1684,UHC,10001630,"Kamarkhanda Upazila Health Complex, Sirajganj",Upazila Health Complex,Rajshahi,Sirajganj
1685,UHC,10001633,"Kazipur Upazila Health Complex, Sirajganj",Upazila Health Complex,Rajshahi,Sirajganj
1686,UHC,10001636,"Raiganj Upazila Health Complex, Sirajganj",Upazila Health Complex,Rajshahi,Sirajganj
1691,UHC,10001656,"Shahzadpur Upazila Health Complex, Sirajganj",Upazila Health Complex,Rajshahi,Sirajganj
1692,UHC,10001662,"Tarash Upazila Health Complex, Sirajganj",Upazila Health Complex,Rajshahi,Sirajganj
1694,UHC,10001667,"Ullapara Upazila Health Complex, Sirajganj",Upazila Health Complex,Rajshahi,Sirajganj
1695,UHC,10001671,"Baliadangi Upazila Health Complex, Thakurgaon",Upazila Health Complex,Rangpur,Thakurgaon
1696,UHC,10001673,"Haripur Upazila Health Complex, Thakurgaon",Upazila Health Complex,Rangpur,Thakurgaon
1697,UHC,10001678,"Ranisankail Upazila Health Complex, Thakurgaon",Upazila Health Complex,Rangpur,Thakurgaon
1701,UHC,10001696,"Chitalmari Upazila Health Complex, Bagerhat",Upazila Health Complex,Khulna,Bagerhat
1702,UHC,10001701,"Fakirhat Upazila Health Complex, Bagerhat",Upazila Health Complex,Khulna,Bagerhat
1703,UHC,10001706,"Mollahat Upazila Health Complex, Bagerhat",Upazila Health Complex,Khulna,Bagerhat
1704,UHC,10001707,"Mongla Upazila Health Complex, Bagerhat",Upazila Health Complex,Khulna,Bagerhat
1705,UHC,10001708,"Morrelganj Upazila Health Complex, Bagerhat",Upazila Health Complex,Khulna,Bagerhat
1706,UHC,10001710,"Rampal Upazila Health Complex, Bagerhat",Upazila Health Complex,Khulna,Bagerhat
1707,UHC,10001712,"Sarankhola Upazila Health Complex, Bagerhat",Upazila Health Complex,Khulna,Bagerhat
1708,UHC,10001719,"Alamdanga Upazila Health Complex, Chuadanga",Upazila Health Complex,Khulna,Chuadanga
1710,UHC,10001731,"Damurhuda Upazila Health Complex, Chuadanga",Upazila Health Complex,Khulna,Chuadanga
1711,UHC,10001734,"Jibannagar Upazila Health Complex, Chuadanga",Upazila Health Complex,Khulna,Chuadanga
1712,UHC,10001737,"Abhoynagar Upazila Health Complex, Jashore",Upazila Health Complex,Khulna,Jashore
1713,UHC,10001741,"Bagharpara Upazila Health Complex, Jashore",Upazila Health Complex,Khulna,Jashore
1714,UHC,10001744,"Chowgacha Upazila Health Complex, Jashore",Upazila Health Complex,Khulna,Jashore
1717,UHC,10001759,"Jhikargacha Upazila Health Complex, Jashore",Upazila Health Complex,Khulna,Jashore
1718,UHC,10001760,"Keshabpur Upazila Health Complex, Jashore",Upazila Health Complex,Khulna,Jashore
1719,UHC,10001763,"Monirampur Upazila Health Complex, Jashore",Upazila Health Complex,Khulna,Jashore
1720,UHC,10001768,"Sharsha Upazila Health Complex, Jashore",Upazila Health Complex,Khulna,Jashore
1721,UHC,10001771,"Harinakunda Upazila Health Complex, Jhenaidah",Upazila Health Complex,Khulna,Jhenaidah
1722,UHC,10001780,"Kotchandpur Upazila Health Complex, Jhenaidah",Upazila Health Complex,Khulna,Jhenaidah
1723,UHC,10001785,"Moheshpur Upazila Health Complex, Jhenaidah",Upazila Health Complex,Khulna,Jhenaidah
1724,UHC,10001790,"Shailkupa Upazila Health Complex, Jhenaidah",Upazila Health Complex,Khulna,Jhenaidah
1725,UHC,10001792,"Batiaghata Upazila Health Complex, Khulna",Upazila Health Complex,Khulna,Khulna
1726,UHC,10001794,"Dacope Upazila Health Complex, Khulna",Upazila Health Complex,Khulna,Khulna
1727,UHC,10001797,"Dighalia Upazila Health Complex, Khulna",Upazila Health Complex,Khulna,Khulna
1728,UHC,10001799,"Dumuria Upazila Health Complex, Khulna",Upazila Health Complex,Khulna,Khulna
1729,UHC,10001801,"Phultala Upazila Health Complex, Khulna",Upazila Health Complex,Khulna,Khulna
1736,UHC,10001817,"Koyra Upazila Health Complex, Khulna",Upazila Health Complex,Khulna,Khulna
1738,UHC,10001824,"Paikgacha Upazila Health Complex, Khulna",Upazila Health Complex,Khulna,Khulna
1739,UHC,10001826,"Rupsha Upazila Health Complex, Khulna",Upazila Health Complex,Khulna,Khulna
1740,UHC,10001828,"Terokhada Upazila Health Complex, Khulna",Upazila Health Complex,Khulna,Khulna
1741,UHC,10001830,"Bheramara Upazila Health Complex, Kushtia",Upazila Health Complex,Khulna,Kushtia
1742,UHC,10001842,"Khoksha Upazila Health Complex, Kushtia",Upazila Health Complex,Khulna,Kushtia
1743,UHC,10001848,"Kumarkhali Upazila Health Complex, Kushtia",Upazila Health Complex,Khulna,Kushtia
1746,UHC,10001870,"Mirpur Upazila Health Complex, Kushtia",Upazila Health Complex,Khulna,Kushtia
1750,UHC,10001882,"Mohammadpur Upazila Health Complex, Magura",Upazila Health Complex,Khulna,Magura
1751,UHC,10001885,"Shalikha Upazila Health Complex, Magura",Upazila Health Complex,Khulna,Magura
1752,UHC,10001891,"Gangni Upazila Health Complex, Meherpur",Upazila Health Complex,Khulna,Meherpur
1754,UHC,10001902,"Mujibnagar Upazila Health Complex, Meherpur",Upazila Health Complex,Khulna,Meherpur
1755,UHC,10001904,"Kalia Upazila Health Complex, Narail",Upazila Health Complex,Khulna,Narail
1756,UHC,10001914,"Assasuni Upazila Health Complex, Satkhira",Upazila Health Complex,Khulna,Satkhira
1757,UHC,10001917,"Debhata Upazila Health Complex, Satkhira",Upazila Health Complex,Khulna,Satkhira
1758,UHC,10001918,"Kalaroa Upazila Health Complex, Satkhira",Upazila Health Complex,Khulna,Satkhira
1760,UHC,10001928,"Shyamnagar Upazila Health Complex, Satkhira",Upazila Health Complex,Khulna,Satkhira
1761,UHC,10001930,"Tala Upazila Health Complex, Satkhira",Upazila Health Complex,Khulna,Satkhira
1762,UHC,10001933,"Amtali Upazila Health Complex, Barguna",Upazila Health Complex,Barishal,Barguna
1765,UHC,10001937,"Bamna Upazila Health Complex, Barguna",Upazila Health Complex,Barishal,Barguna
1766,UHC,10001945,"Betagi Upazila Health Complex, Barguna",Upazila Health Complex,Barishal,Barguna
1767,UHC,10001947,"Patharghata Upazila Health Complex, Barguna",Upazila Health Complex,Barishal,Barguna
1768,UHC,10001948,"Agailjhara Upazila Health Complex, Barishal",Upazila Health Complex,Barishal,Barishal
1769,UHC,10001955,"Babuganj Upazila Health Complex, Barishal",Upazila Health Complex,Barishal,Barishal
1771,UHC,10001963,"Bakerganj Upazila Health Complex, Barishal",Upazila Health Complex,Barishal,Barishal
1772,UHC,10001966,"Banaripara Upazila Health Complex, Barishal",Upazila Health Complex,Barishal,Barishal
1779,UHC,10001982,"Gournadi Upazila Health Complex, Barishal",Upazila Health Complex,Barishal,Barishal
1780,UHC,10001984,"Hijla Upazila Health Complex, Barishal",Upazila Health Complex,Barishal,Barishal
1781,UHC,10001988,"Mehendiganj Upazila Health Complex, Barishal",Upazila Health Complex,Barishal,Barishal
1782,UHC,10001991,"Muladi Upazila Health Complex, Barishal",Upazila Health Complex,Barishal,Barishal
1783,UHC,10001997,"Wazirpur Upazila Health Complex, Barishal",Upazila Health Complex,Barishal,Barishal
1785,UHC,10002004,"Borhanuddin Upazila Health Complex, Bhola",Upazila Health Complex,Barishal,Bhola
1786,UHC,10002006,"Charfession Upazila Health Complex, Bhola",Upazila Health Complex,Barishal,Bhola
1788,UHC,10002008,"Daulatkhan Upazila Health Complex, Bhola",Upazila Health Complex,Barishal,Bhola
1790,UHC,10002015,"Lalmohan Upazila Health Complex, Bhola",Upazila Health Complex,Barishal,Bhola
1791,UHC,10002017,"Manpura Upazila Health Complex, Bhola",Upazila Health Complex,Barishal,Bhola
1792,UHC,10002018,"Tajumuddin Upazila Health Complex, Bhola",Upazila Health Complex,Barishal,Bhola
1794,UHC,10002027,"Kathalia Upazila Health Complex, Jhalokati",Upazila Health Complex,Barishal,Jhalokati
1795,UHC,10002028,"Nalchity  Upazila Health Complex, Jhalokati",Upazila Health Complex,Barishal,Jhalokati
1796,UHC,10002029,"Rajapur Upazila Health Complex, Jhalokati",Upazila Health Complex,Barishal,Jhalokati
1797,UHC,10002033,"Bauphal Upazila Health Complex, Patuakhali",Upazila Health Complex,Barishal,Patuakhali
1798,UHC,10002034,"Dashmina Upazila Health Complex, Patuakhali",Upazila Health Complex,Barishal,Patuakhali
1799,UHC,10002035,"Dumki Upazila Health Complex, Patuakhali",Upazila Health Complex,Barishal,Patuakhali
1800,UHC,10002039,"Galachipa Upazila Health Complex, Patuakhali",Upazila Health Complex,Barishal,Patuakhali
1801,UHC,10002042,"Kalapara Upazila Health Complex, Patuakhali",Upazila Health Complex,Barishal,Patuakhali
1804,UHC,10002048,"Mirzaganj Upazila Health Complex, Patuakhali",Upazila Health Complex,Barishal,Patuakhali
1806,UHC,10002055,"Bhandaria Upazila Health Complex, Pirojpur",Upazila Health Complex,Barishal,Pirojpur
1807,UHC,10002056,"Kawkhali Upazila Health Complex, Pirojpur",Upazila Health Complex,Barishal,Pirojpur
1808,UHC,10002058,"Mathbaria Upazila Health Complex, Pirojpur",Upazila Health Complex,Barishal,Pirojpur
1809,UHC,10002061,"Nazirpur Upazila Health Complex, Pirojpur",Upazila Health Complex,Barishal,Pirojpur
1810,UHC,10002063,"Nesarabad Upazila Health Complex, Pirojpur",Upazila Health Complex,Barishal,Pirojpur
1812,UHC,10002069,"Indurkani Upazila Health Complex, Pirojpur",Upazila Health Complex,Barishal,Pirojpur
1813,UHC,10002074,"Ajmiriganj Upazila Health Complex, Habiganj",Upazila Health Complex,Sylhet,Habiganj
1814,UHC,10002075,"Bahubal Upazila Health Complex, Habiganj",Upazila Health Complex,Sylhet,Habiganj
1815,UHC,10002077,"Baniachong Upazila Health Complex, Habiganj",Upazila Health Complex,Sylhet,Habiganj
1816,UHC,10002078,"Chunarughat Upazila Health Complex, Habiganj",Upazila Health Complex,Sylhet,Habiganj
1817,UHC,10002085,"Lakhai Upazila Health Complex, Habiganj",Upazila Health Complex,Sylhet,Habiganj
1818,UHC,10002088,"Madhabpur Upazila Health Complex, Habiganj",Upazila Health Complex,Sylhet,Habiganj
1819,UHC,10002094,"Nabiganj Upazila Health Complex, Habiganj",Upazila Health Complex,Sylhet,Habiganj
1820,UHC,10002096,"Barlekha Upazila Health Complex, Maulvibazar",Upazila Health Complex,Sylhet,Maulvibazar
1821,UHC,10002097,"Juri Upazila Health Complex, Maulvibazar",Upazila Health Complex,Sylhet,Maulvibazar
1822,UHC,10002101,"Kamalganj Upazila Health Complex, Maulvibazar",Upazila Health Complex,Sylhet,Maulvibazar
1823,UHC,10002106,"Kulaura Upazila Health Complex, Maulvibazar",Upazila Health Complex,Sylhet,Maulvibazar
1825,UHC,10002119,"Rajnagar Upazila Health Complex, Maulvibazar",Upazila Health Complex,Sylhet,Maulvibazar
1827,UHC,10002125,"Sreemangal Upazila Health Complex, Maulvibazar",Upazila Health Complex,Sylhet,Maulvibazar
1828,UHC,10002127,"Biswambarpur Upazila Health Complex, Sunamganj",Upazila Health Complex,Sylhet,Sunamganj
1829,UHC,10002130,"Chhatak Upazila Health Complex, Sunamganj",Upazila Health Complex,Sylhet,Sunamganj
1831,UHC,10002134,"Shantiganj Upazila Health Complex, Sunamganj",Upazila Health Complex,Sylhet,Sunamganj
1832,UHC,10002136,"Derai Upazila Health Complex, Sunamganj",Upazila Health Complex,Sylhet,Sunamganj
1833,UHC,10002138,"Dharmapasha Upazila Health Complex, Sunamganj",Upazila Health Complex,Sylhet,Sunamganj
1835,UHC,10002143,"Doarabazar Upazila Health Complex, Sunamganj",Upazila Health Complex,Sylhet,Sunamganj
1836,UHC,10002149,"Jagannathpur Upazila Health Complex, Sunamganj",Upazila Health Complex,Sylhet,Sunamganj
1837,UHC,10002150,"Jamalganj Upazila Health Complex, Sunamganj",Upazila Health Complex,Sylhet,Sunamganj
1838,UHC,10002152,"Sulla Upazila Health Complex, Sunamganj",Upazila Health Complex,Sylhet,Sunamganj
1840,UHC,10002160,"Taherpur Upazila Health Complex, Sunamganj",Upazila Health Complex,Sylhet,Sunamganj
1841,UHC,10002164,"Balaganj Upazila Health Complex, Sylhet",Upazila Health Complex,Sylhet,Sylhet
1842,UHC,10002172,"Beanibazar Upazila Health Complex, Sylhet",Upazila Health Complex,Sylhet,Sylhet
1843,UHC,10002177,"Bishwanath Upazila Health Complex, Sylhet",Upazila Health Complex,Sylhet,Sylhet
1845,UHC,10002181,"Fenchuganj Upazila Health Complex, Sylhet",Upazila Health Complex,Sylhet,Sylhet
1846,UHC,10002182,"Golapganj Upazila Health Complex, Sylhet",Upazila Health Complex,Sylhet,Sylhet
1847,UHC,10002186,"Gowainghat Upazila Health Complex, Sylhet",Upazila Health Complex,Sylhet,Sylhet
1848,UHC,10002188,"Jaintapur Upazila Health Complex, Sylhet",Upazila Health Complex,Sylhet,Sylhet
1849,UHC,10002189,"Kanaighat Upazila Health Complex, Sylhet",Upazila Health Complex,Sylhet,Sylhet
1857,UHC,10002204,"Zakiganj Upazila Health Complex, Sylhet",Upazila Health Complex,Sylhet,Sylhet
1858,UHC,10002206,"Kachua Upazila Health Complex, Bagerhat",Upazila Health Complex,Khulna,Bagerhat
1859,UHC,10002207,"Kaliganj Upazila Health Complex, Lalmonirhat",Upazila Health Complex,Rangpur,Lalmonirhat
1860,UHC,10002208,"Sreepur Upazila Health Complex, Magura",Upazila Health Complex,Khulna,Magura
1861,UHC,10002209,"Companiganj Upazila Health Complex, Sylhet",Upazila Health Complex,Sylhet,Sylhet
1862,UHC,10002210,"Shibganj Upazila Health Complex, Chapai Nawabganj",Upazila Health Complex,Rajshahi,Chapai Nawabganj
1863,UHC,10002211,"Lohagara Upazila Health Complex, Narail",Upazila Health Complex,Khulna,Narail
1864,UHC,10002212,"Kaliganj Upazila Health Complex, Satkhira",Upazila Health Complex,Khulna,Satkhira
1865,UHC,10002213,"Kaliganj Upazila Health Complex, Jhenaidah",Upazila Health Complex,Khulna,Jhenaidah
1866,UHC,10002214,"Daulatpur Upazila Health Complex, Kushtia",Upazila Health Complex,Khulna,Kushtia
1868,UHC,10002223,"Nangolkot Upazila Health Complex, Cumilla",Upazila Health Complex,Chattogram,Cumilla
1869,UHC,10002231,"Pirganj Upazila Health Complex, Thakurgaon",Upazila Health Complex,Rangpur,Thakurgaon
1870,UHC,10002232,"Nawabganj Upazila Health Complex, Dinajpur",Upazila Health Complex,Rangpur,Dinajpur
1871,UHC,10002235,"Fulbari Upazila Health Complex, Kurigram",Upazila Health Complex,Rangpur,Kurigram
1872,UHC,10002243,"Dakshin Surma Upazila Health Complex, Sylhet",Upazila Health Complex,Sylhet,Sylhet
1879,UHC,10002304,"Durgapur Upazila Health Complex, Netrakona",Upazila Health Complex,Mymensingh,Netrakona
1883,UHC,10013106,"Saltha Upazila Health Complex, Faridpur",Upazila Health Complex,Dhaka,Faridpur
1885,UHC,10013108,"Bijoynagar Upazila Health Complex, Brahmanbaria",Upazila Health Complex,Chattogram,Brahmanbaria
1928,UHC,10025126,"Shayestaganj Upazila Health Complex, Habiganj",Upazila Health Complex,Sylhet,Habiganj
1938,UHC,BGD25271,"Director,Communicable Disease & Work Program , BRAC, Mohakhali, Dhaka",Upazila Health Complex,Dhaka,Dhaka
1962,UHC,BGD25303,"Chief of Party, Save the Children, HIV Program, Dhaka, Bangladesh, Dhaka",Upazila Health Complex,Dhaka,Dhaka
1980,UHC,BGD25322,"Karnaphuli Upazila Health Complex, Chattogram",Upazila Health Complex,Chattogram,Chattogram
1998,UHC,BGD25340,"Tarakanda Upazila Health Complex, Mymensingh",Upazila Health Complex,Mymensingh,Mymensingh
2010,UHC,BGD36636,"Senior Director,Health & Humanitarian Crisis Management Programme , BRAC, Mohakhali, Dhaka",Upazila Health Complex,Dhaka,Dhaka
1710,UHC,10001731,"Damurhuda Upazila Health Complex, Chuadanga",Upazila Health Complex,Khulna,Chuadanga
1711,UHC,10001734,"Jibannagar Upazila Health Complex, Chuadanga",Upazila Health Complex,Khulna,Chuadanga
1712,UHC,10001737,"Abhoynagar Upazila Health Complex, Jashore",Upazila Health Complex,Khulna,Jashore
1713,UHC,10001741,"Bagharpara Upazila Health Complex, Jashore",Upazila Health Complex,Khulna,Jashore
1714,UHC,10001744,"Chowgacha Upazila Health Complex, Jashore",Upazila Health Complex,Khulna,Jashore
1717,UHC,10001759,"Jhikargacha Upazila Health Complex, Jashore",Upazila Health Complex,Khulna,Jashore
1718,UHC,10001760,"Keshabpur Upazila Health Complex, Jashore",Upazila Health Complex,Khulna,Jashore
1719,UHC,10001763,"Monirampur Upazila Health Complex, Jashore",Upazila Health Complex,Khulna,Jashore
1720,UHC,10001768,"Sharsha Upazila Health Complex, Jashore",Upazila Health Complex,Khulna,Jashore
1721,UHC,10001771,"Harinakunda Upazila Health Complex, Jhenaidah",Upazila Health Complex,Khulna,Jhenaidah
1722,UHC,10001780,"Kotchandpur Upazila Health Complex, Jhenaidah",Upazila Health Complex,Khulna,Jhenaidah
1723,UHC,10001785,"Moheshpur Upazila Health Complex, Jhenaidah",Upazila Health Complex,Khulna,Jhenaidah
1724,UHC,10001790,"Shailkupa Upazila Health Complex, Jhenaidah",Upazila Health Complex,Khulna,Jhenaidah
1725,UHC,10001792,"Batiaghata Upazila Health Complex, Khulna",Upazila Health Complex,Khulna,Khulna
1726,UHC,10001794,"Dacope Upazila Health Complex, Khulna",Upazila Health Complex,Khulna,Khulna
1727,UHC,10001797,"Dighalia Upazila Health Complex, Khulna",Upazila Health Complex,Khulna,Khulna
1728,UHC,10001799,"Dumuria Upazila Health Complex, Khulna",Upazila Health Complex,Khulna,Khulna
1729,UHC,10001801,"Phultala Upazila Health Complex, Khulna",Upazila Health Complex,Khulna,Khulna
1736,UHC,10001817,"Koyra Upazila Health Complex, Khulna",Upazila Health Complex,Khulna,Khulna
1738,UHC,10001824,"Paikgacha Upazila Health Complex, Khulna",Upazila Health Complex,Khulna,Khulna
1739,UHC,10001826,"Rupsha Upazila Health Complex, Khulna",Upazila Health Complex,Khulna,Khulna
1740,UHC,10001828,"Terokhada Upazila Health Complex, Khulna",Upazila Health Complex,Khulna,Khulna
1741,UHC,10001830,"Bheramara Upazila Health Complex, Kushtia",Upazila Health Complex,Khulna,Kushtia
1742,UHC,10001842,"Khoksha Upazila Health Complex, Kushtia",Upazila Health Complex,Khulna,Kushtia
1743,UHC,10001848,"Kumarkhali Upazila Health Complex, Kushtia",Upazila Health Complex,Khulna,Kushtia
1746,UHC,10001870,"Mirpur Upazila Health Complex, Kushtia",Upazila Health Complex,Khulna,Kushtia
1750,UHC,10001882,"Mohammadpur Upazila Health Complex, Magura",Upazila Health Complex,Khulna,Magura
1751,UHC,10001885,"Shalikha Upazila Health Complex, Magura",Upazila Health Complex,Khulna,Magura
1752,UHC,10001891,"Gangni Upazila Health Complex, Meherpur",Upazila Health Complex,Khulna,Meherpur
1754,UHC,10001902,"Mujibnagar Upazila Health Complex, Meherpur",Upazila Health Complex,Khulna,Meherpur
1755,UHC,10001904,"Kalia Upazila Health Complex, Narail",Upazila Health Complex,Khulna,Narail
1756,UHC,10001914,"Assasuni Upazila Health Complex, Satkhira",Upazila Health Complex,Khulna,Satkhira
1757,UHC,10001917,"Debhata Upazila Health Complex, Satkhira",Upazila Health Complex,Khulna,Satkhira
1758,UHC,10001918,"Kalaroa Upazila Health Complex, Satkhira",Upazila Health Complex,Khulna,Satkhira
1760,UHC,10001928,"Shyamnagar Upazila Health Complex, Satkhira",Upazila Health Complex,Khulna,Satkhira
1761,UHC,10001930,"Tala Upazila Health Complex, Satkhira",Upazila Health Complex,Khulna,Satkhira
1762,UHC,10001933,"Amtali Upazila Health Complex, Barguna",Upazila Health Complex,Barishal,Barguna
1765,UHC,10001937,"Bamna Upazila Health Complex, Barguna",Upazila Health Complex,Barishal,Barguna
1766,UHC,10001945,"Betagi Upazila Health Complex, Barguna",Upazila Health Complex,Barishal,Barguna
1767,UHC,10001947,"Patharghata Upazila Health Complex, Barguna",Upazila Health Complex,Barishal,Barguna
1768,UHC,10001948,"Agailjhara Upazila Health Complex, Barishal",Upazila Health Complex,Barishal,Barishal
1769,UHC,10001955,"Babuganj Upazila Health Complex, Barishal",Upazila Health Complex,Barishal,Barishal
1771,UHC,10001963,"Bakerganj Upazila Health Complex, Barishal",Upazila Health Complex,Barishal,Barishal
1772,UHC,10001966,"Banaripara Upazila Health Complex, Barishal",Upazila Health Complex,Barishal,Barishal
1779,UHC,10001982,"Gournadi Upazila Health Complex, Barishal",Upazila Health Complex,Barishal,Barishal
1780,UHC,10001984,"Hijla Upazila Health Complex, Barishal",Upazila Health Complex,Barishal,Barishal
1781,UHC,10001988,"Mehendiganj Upazila Health Complex, Barishal",Upazila Health Complex,Barishal,Barishal
1782,UHC,10001991,"Muladi Upazila Health Complex, Barishal",Upazila Health Complex,Barishal,Barishal
1783,UHC,10001997,"Wazirpur Upazila Health Complex, Barishal",Upazila Health Complex,Barishal,Barishal
1785,UHC,10002004,"Borhanuddin Upazila Health Complex, Bhola",Upazila Health Complex,Barishal,Bhola
1786,UHC,10002006,"Charfession Upazila Health Complex, Bhola",Upazila Health Complex,Barishal,Bhola
1788,UHC,10002008,"Daulatkhan Upazila Health Complex, Bhola",Upazila Health Complex,Barishal,Bhola
1790,UHC,10002015,"Lalmohan Upazila Health Complex, Bhola",Upazila Health Complex,Barishal,Bhola
1791,UHC,10002017,"Manpura Upazila Health Complex, Bhola",Upazila Health Complex,Barishal,Bhola
1792,UHC,10002018,"Tajumuddin Upazila Health Complex, Bhola",Upazila Health Complex,Barishal,Bhola
1794,UHC,10002027,"Kathalia Upazila Health Complex, Jhalokati",Upazila Health Complex,Barishal,Jhalokati
1795,UHC,10002028,"Nalchity  Upazila Health Complex, Jhalokati",Upazila Health Complex,Barishal,Jhalokati
1796,UHC,10002029,"Rajapur Upazila Health Complex, Jhalokati",Upazila Health Complex,Barishal,Jhalokati
1797,UHC,10002033,"Bauphal Upazila Health Complex, Patuakhali",Upazila Health Complex,Barishal,Patuakhali
1798,UHC,10002034,"Dashmina Upazila Health Complex, Patuakhali",Upazila Health Complex,Barishal,Patuakhali
1799,UHC,10002035,"Dumki Upazila Health Complex, Patuakhali",Upazila Health Complex,Barishal,Patuakhali
1800,UHC,10002039,"Galachipa Upazila Health Complex, Patuakhali",Upazila Health Complex,Barishal,Patuakhali
1801,UHC,10002042,"Kalapara Upazila Health Complex, Patuakhali",Upazila Health Complex,Barishal,Patuakhali
1804,UHC,10002048,"Mirzaganj Upazila Health Complex, Patuakhali",Upazila Health Complex,Barishal,Patuakhali
1806,UHC,10002055,"Bhandaria Upazila Health Complex, Pirojpur",Upazila Health Complex,Barishal,Pirojpur
1807,UHC,10002056,"Kawkhali Upazila Health Complex, Pirojpur",Upazila Health Complex,Barishal,Pirojpur
1808,UHC,10002058,"Mathbaria Upazila Health Complex, Pirojpur",Upazila Health Complex,Barishal,Pirojpur
1809,UHC,10002061,"Nazirpur Upazila Health Complex, Pirojpur",Upazila Health Complex,Barishal,Pirojpur
1810,UHC,10002063,"Nesarabad Upazila Health Complex, Pirojpur",Upazila Health Complex,Barishal,Pirojpur
1812,UHC,10002069,"Indurkani Upazila Health Complex, Pirojpur",Upazila Health Complex,Barishal,Pirojpur
1813,UHC,10002074,"Ajmiriganj Upazila Health Complex, Habiganj",Upazila Health Complex,Sylhet,Habiganj
1814,UHC,10002075,"Bahubal Upazila Health Complex, Habiganj",Upazila Health Complex,Sylhet,Habiganj
1815,UHC,10002077,"Baniachong Upazila Health Complex, Habiganj",Upazila Health Complex,Sylhet,Habiganj
1816,UHC,10002078,"Chunarughat Upazila Health Complex, Habiganj",Upazila Health Complex,Sylhet,Habiganj
1817,UHC,10002085,"Lakhai Upazila Health Complex, Habiganj",Upazila Health Complex,Sylhet,Habiganj
1818,UHC,10002088,"Madhabpur Upazila Health Complex, Habiganj",Upazila Health Complex,Sylhet,Habiganj
1819,UHC,10002094,"Nabiganj Upazila Health Complex, Habiganj",Upazila Health Complex,Sylhet,Habiganj
1820,UHC,10002096,"Barlekha Upazila Health Complex, Maulvibazar",Upazila Health Complex,Sylhet,Maulvibazar
1821,UHC,10002097,"Juri Upazila Health Complex, Maulvibazar",Upazila Health Complex,Sylhet,Maulvibazar
1822,UHC,10002101,"Kamalganj Upazila Health Complex, Maulvibazar",Upazila Health Complex,Sylhet,Maulvibazar
1823,UHC,10002106,"Kulaura Upazila Health Complex, Maulvibazar",Upazila Health Complex,Sylhet,Maulvibazar
1825,UHC,10002119,"Rajnagar Upazila Health Complex, Maulvibazar",Upazila Health Complex,Sylhet,Maulvibazar
1827,UHC,10002125,"Sreemangal Upazila Health Complex, Maulvibazar",Upazila Health Complex,Sylhet,Maulvibazar
1828,UHC,10002127,"Biswambarpur Upazila Health Complex, Sunamganj",Upazila Health Complex,Sylhet,Sunamganj
1829,UHC,10002130,"Chhatak Upazila Health Complex, Sunamganj",Upazila Health Complex,Sylhet,Sunamganj
1831,UHC,10002134,"Shantiganj Upazila Health Complex, Sunamganj",Upazila Health Complex,Sylhet,Sunamganj
1832,UHC,10002136,"Derai Upazila Health Complex, Sunamganj",Upazila Health Complex,Sylhet,Sunamganj
1833,UHC,10002138,"Dharmapasha Upazila Health Complex, Sunamganj",Upazila Health Complex,Sylhet,Sunamganj
1835,UHC,10002143,"Doarabazar Upazila Health Complex, Sunamganj",Upazila Health Complex,Sylhet,Sunamganj
1836,UHC,10002149,"Jagannathpur Upazila Health Complex, Sunamganj",Upazila Health Complex,Sylhet,Sunamganj
1837,UHC,10002150,"Jamalganj Upazila Health Complex, Sunamganj",Upazila Health Complex,Sylhet,Sunamganj
1838,UHC,10002152,"Sulla Upazila Health Complex, Sunamganj",Upazila Health Complex,Sylhet,Sunamganj
1840,UHC,10002160,"Taherpur Upazila Health Complex, Sunamganj",Upazila Health Complex,Sylhet,Sunamganj
1841,UHC,10002164,"Balaganj Upazila Health Complex, Sylhet",Upazila Health Complex,Sylhet,Sylhet
1842,UHC,10002172,"Beanibazar Upazila Health Complex, Sylhet",Upazila Health Complex,Sylhet,Sylhet
1843,UHC,10002177,"Bishwanath Upazila Health Complex, Sylhet",Upazila Health Complex,Sylhet,Sylhet
1845,UHC,10002181,"Fenchuganj Upazila Health Complex, Sylhet",Upazila Health Complex,Sylhet,Sylhet
1846,UHC,10002182,"Golapganj Upazila Health Complex, Sylhet",Upazila Health Complex,Sylhet,Sylhet
1847,UHC,10002186,"Gowainghat Upazila Health Complex, Sylhet",Upazila Health Complex,Sylhet,Sylhet
1848,UHC,10002188,"Jaintapur Upazila Health Complex, Sylhet",Upazila Health Complex,Sylhet,Sylhet
1849,UHC,10002189,"Kanaighat Upazila Health Complex, Sylhet",Upazila Health Complex,Sylhet,Sylhet
1857,UHC,10002204,"Zakiganj Upazila Health Complex, Sylhet",Upazila Health Complex,Sylhet,Sylhet
1858,UHC,10002206,"Kachua Upazila Health Complex, Bagerhat",Upazila Health Complex,Khulna,Bagerhat
1859,UHC,10002207,"Kaliganj Upazila Health Complex, Lalmonirhat",Upazila Health Complex,Rangpur,Lalmonirhat
1860,UHC,10002208,"Sreepur Upazila Health Complex, Magura",Upazila Health Complex,Khulna,Magura
1861,UHC,10002209,"Companiganj Upazila Health Complex, Sylhet",Upazila Health Complex,Sylhet,Sylhet
1862,UHC,10002210,"Shibganj Upazila Health Complex, Chapai Nawabganj",Upazila Health Complex,Rajshahi,Chapai Nawabganj
1863,UHC,10002211,"Lohagara Upazila Health Complex, Narail",Upazila Health Complex,Khulna,Narail
1864,UHC,10002212,"Kaliganj Upazila Health Complex, Satkhira",Upazila Health Complex,Khulna,Satkhira
1865,UHC,10002213,"Kaliganj Upazila Health Complex, Jhenaidah",Upazila Health Complex,Khulna,Jhenaidah
1866,UHC,10002214,"Daulatpur Upazila Health Complex, Kushtia",Upazila Health Complex,Khulna,Kushtia
1868,UHC,10002223,"Nangolkot Upazila Health Complex, Cumilla",Upazila Health Complex,Chattogram,Cumilla
1869,UHC,10002231,"Pirganj Upazila Health Complex, Thakurgaon",Upazila Health Complex,Rangpur,Thakurgaon
1870,UHC,10002232,"Nawabganj Upazila Health Complex, Dinajpur",Upazila Health Complex,Rangpur,Dinajpur
1871,UHC,10002235,"Fulbari Upazila Health Complex, Kurigram",Upazila Health Complex,Rangpur,Kurigram
1872,UHC,10002243,"Dakshin Surma Upazila Health Complex, Sylhet",Upazila Health Complex,Sylhet,Sylhet
1879,UHC,10002304,"Durgapur Upazila Health Complex, Netrakona",Upazila Health Complex,Mymensingh,Netrakona
1883,UHC,10013106,"Saltha Upazila Health Complex, Faridpur",Upazila Health Complex,Dhaka,Faridpur
1885,UHC,10013108,"Bijoynagar Upazila Health Complex, Brahmanbaria",Upazila Health Complex,Chattogram,Brahmanbaria
1928,UHC,10025126,"Shayestaganj Upazila Health Complex, Habiganj",Upazila Health Complex,Sylhet,Habiganj
1938,UHC,BGD25271,"Director,Communicable Disease & Work Program , BRAC, Mohakhali, Dhaka",Upazila Health Complex,Dhaka,Dhaka
1962,UHC,BGD25303,"Chief of Party, Save the Children, HIV Program, Dhaka, Bangladesh, Dhaka",Upazila Health Complex,Dhaka,Dhaka
1980,UHC,BGD25322,"Karnaphuli Upazila Health Complex, Chattogram",Upazila Health Complex,Chattogram,Chattogram
1998,UHC,BGD25340,"Tarakanda Upazila Health Complex, Mymensingh",Upazila Health Complex,Mymensingh,Mymensingh
2010,UHC,BGD36636,"Senior Director,Health & Humanitarian Crisis Management Programme , BRAC, Mohakhali, Dhaka",Upazila Health Complex,Dhaka,Dhaka
